insert into zikbap.users (user_id, email, password, nickname, gender, age, role, created_at, modified_at, deleted_at, deleted)
values  (1, 'prozikbapler1@example.com', 'password1', '프로직밥러1', 'M', 25, 'user', '2025-03-11 22:22:05', null, null, 0),
        (2, 'prozikbapler2@example.com', 'password2', '프로직밥러2', 'F', 30, 'user', '2025-03-11 22:22:05', null, null, 0),
        (3, 'prozikbapler3@example.com', 'password3', '프로직밥러3', 'M', 22, 'user', '2025-03-11 22:22:05', null, null, 0),
        (4, 'prozikbapler4@example.com', 'password4', '프로직밥러4', 'F', 24, 'user', '2025-03-11 22:22:05', null, null, 0),
        (5, 'prozikbapler5@example.com', 'password5', '프로직밥러5', 'M', 28, 'user', '2025-03-11 22:22:05', null, null, 0),
        (6, 'prozikbapler6@example.com', 'password6', '프로직밥러6', 'F', 25, 'user', '2025-03-11 22:22:05', null, null, 0),
        (7, 'prozikbapler7@example.com', 'password7', '프로직밥러7', 'M', 30, 'user', '2025-03-11 22:22:05', null, null, 0),
        (8, 'prozikbapler8@example.com', 'password8', '프로직밥러8', 'F', 22, 'user', '2025-03-11 22:22:05', null, null, 0),
        (9, 'prozikbapler9@example.com', 'password9', '프로직밥러9', 'M', 24, 'user', '2025-03-11 22:22:05', null, null, 0),
        (10, 'prozikbapler10@example.com', 'password10', '프로직밥러10', 'F', 28, 'user', '2025-03-11 22:22:05', null, null, 0),
        (11, 'prozikbapler11@example.com', 'password11', '프로직밥러11', 'M', 25, 'user', '2025-03-11 22:22:05', null, null, 0),
        (12, 'prozikbapler12@example.com', 'password12', '프로직밥러12', 'F', 30, 'user', '2025-03-11 22:22:05', null, null, 0),
        (13, 'prozikbapler13@example.com', 'password13', '프로직밥러13', 'M', 22, 'user', '2025-03-11 22:22:05', null, null, 0),
        (14, 'prozikbapler14@example.com', 'password14', '프로직밥러14', 'F', 24, 'user', '2025-03-11 22:22:05', null, null, 0),
        (15, 'prozikbapler15@example.com', 'password15', '프로직밥러15', 'M', 28, 'user', '2025-03-11 22:22:05', null, null, 0),
        (16, 'prozikbapler16@example.com', 'password16', '프로직밥러16', 'F', 25, 'user', '2025-03-11 22:22:05', null, null, 0),
        (17, 'prozikbapler17@example.com', 'password17', '프로직밥러17', 'M', 30, 'user', '2025-03-11 22:22:05', null, null, 0),
        (18, 'prozikbapler18@example.com', 'password18', '프로직밥러18', 'F', 22, 'user', '2025-03-11 22:22:05', null, null, 0),
        (19, 'prozikbapler19@example.com', 'password19', '프로직밥러19', 'M', 24, 'user', '2025-03-11 22:22:05', null, null, 0),
        (20, 'prozikbapler20@example.com', 'password20', '프로직밥러20', 'F', 28, 'user', '2025-03-11 22:22:05', null, null, 0),
        (21, 'prozikbapler21@example.com', 'password21', '프로직밥러21', 'M', 25, 'user', '2025-03-11 22:22:05', null, null, 0),
        (22, 'prozikbapler22@example.com', 'password22', '프로직밥러22', 'F', 30, 'user', '2025-03-11 22:22:05', null, null, 0),
        (23, 'prozikbapler23@example.com', 'password23', '프로직밥러23', 'M', 22, 'user', '2025-03-11 22:22:05', null, null, 0),
        (24, 'prozikbapler24@example.com', 'password24', '프로직밥러24', 'F', 24, 'user', '2025-03-11 22:22:05', null, null, 0),
        (25, 'prozikbapler25@example.com', 'password25', '프로직밥러25', 'M', 28, 'user', '2025-03-11 22:22:05', null, null, 0),
        (26, 'prozikbapler26@example.com', 'password26', '프로직밥러26', 'F', 25, 'user', '2025-03-11 22:22:05', null, null, 0),
        (27, 'prozikbapler27@example.com', 'password27', '프로직밥러27', 'M', 30, 'user', '2025-03-11 22:22:05', null, null, 0),
        (28, 'prozikbapler28@example.com', 'password28', '프로직밥러28', 'F', 22, 'user', '2025-03-11 22:22:05', null, null, 0),
        (29, 'prozikbapler29@example.com', 'password29', '프로직밥러29', 'M', 24, 'user', '2025-03-11 22:22:05', null, null, 0),
        (30, 'prozikbapler30@example.com', 'password30', '프로직밥러30', 'F', 28, 'user', '2025-03-11 22:22:05', null, null, 0),
        (31, 'prozikbapler31@example.com', 'password31', '프로직밥러31', 'M', 25, 'user', '2025-03-11 22:22:05', null, null, 0),
        (32, 'prozikbapler32@example.com', 'password32', '프로직밥러32', 'F', 30, 'user', '2025-03-11 22:22:05', null, null, 0),
        (33, 'prozikbapler33@example.com', 'password33', '프로직밥러33', 'M', 22, 'user', '2025-03-11 22:22:05', null, null, 0),
        (34, 'prozikbapler34@example.com', 'password34', '프로직밥러34', 'F', 24, 'user', '2025-03-11 22:22:05', null, null, 0),
        (35, 'prozikbapler35@example.com', 'password35', '프로직밥러35', 'M', 28, 'user', '2025-03-11 22:22:05', null, null, 0),
        (36, 'prozikbapler36@example.com', 'password36', '프로직밥러36', 'F', 25, 'user', '2025-03-11 22:22:05', null, null, 0),
        (37, 'prozikbapler37@example.com', 'password37', '프로직밥러37', 'M', 30, 'user', '2025-03-11 22:22:05', null, null, 0),
        (38, 'prozikbapler38@example.com', 'password38', '프로직밥러38', 'F', 22, 'user', '2025-03-11 22:22:05', null, null, 0),
        (39, 'prozikbapler39@example.com', 'password39', '프로직밥러39', 'M', 24, 'user', '2025-03-11 22:22:05', null, null, 0),
        (40, 'prozikbapler40@example.com', 'password40', '프로직밥러40', 'F', 28, 'user', '2025-03-11 22:22:05', null, null, 0),
        (41, 'prozikbapler41@example.com', 'password41', '프로직밥러41', 'M', 25, 'user', '2025-03-11 22:22:05', null, null, 0),
        (42, 'prozikbapler42@example.com', 'password42', '프로직밥러42', 'F', 30, 'user', '2025-03-11 22:22:05', null, null, 0),
        (43, 'prozikbapler43@example.com', 'password43', '프로직밥러43', 'M', 22, 'user', '2025-03-11 22:22:05', null, null, 0),
        (44, 'prozikbapler44@example.com', 'password44', '프로직밥러44', 'F', 24, 'user', '2025-03-11 22:22:05', null, null, 0),
        (45, 'prozikbapler45@example.com', 'password45', '프로직밥러45', 'M', 28, 'user', '2025-03-11 22:22:05', null, null, 0),
        (46, 'prozikbapler46@example.com', 'password46', '프로직밥러46', 'F', 25, 'user', '2025-03-11 22:22:05', null, null, 0),
        (47, 'prozikbapler47@example.com', 'password47', '프로직밥러47', 'M', 30, 'user', '2025-03-11 22:22:05', null, null, 0),
        (48, 'prozikbapler48@example.com', 'password48', '프로직밥러48', 'F', 22, 'user', '2025-03-11 22:22:05', null, null, 0),
        (49, 'prozikbapler49@example.com', 'password49', '프로직밥러49', 'M', 24, 'user', '2025-03-11 22:22:05', null, null, 0),
        (50, 'prozikbapler50@example.com', 'password50', '프로직밥러50', 'F', 28, 'user', '2025-03-11 22:22:05', null, null, 0),
        (51, 'prozikbapler51@example.com', 'password51', '프로직밥러51', 'M', 25, 'user', '2025-03-11 22:22:05', null, null, 0),
        (52, 'prozikbapler52@example.com', 'password52', '프로직밥러52', 'F', 30, 'user', '2025-03-11 22:22:05', null, null, 0),
        (53, 'prozikbapler53@example.com', 'password53', '프로직밥러53', 'M', 22, 'user', '2025-03-11 22:22:05', null, null, 0),
        (54, 'prozikbapler54@example.com', 'password54', '프로직밥러54', 'F', 24, 'user', '2025-03-11 22:22:05', null, null, 0),
        (55, 'prozikbapler55@example.com', 'password55', '프로직밥러55', 'M', 28, 'user', '2025-03-11 22:22:05', null, null, 0),
        (56, 'prozikbapler56@example.com', 'password56', '프로직밥러56', 'F', 25, 'user', '2025-03-11 22:22:05', null, null, 0),
        (57, 'prozikbapler57@example.com', 'password57', '프로직밥러57', 'M', 30, 'user', '2025-03-11 22:22:05', null, null, 0),
        (58, 'prozikbapler58@example.com', 'password58', '프로직밥러58', 'F', 22, 'user', '2025-03-11 22:22:05', null, null, 0),
        (59, 'prozikbapler59@example.com', 'password59', '프로직밥러59', 'M', 24, 'user', '2025-03-11 22:22:05', null, null, 0),
        (60, 'prozikbapler60@example.com', 'password60', '프로직밥러60', 'F', 28, 'user', '2025-03-11 22:22:05', null, null, 0),
        (61, 'prozikbapler61@example.com', 'password61', '프로직밥러61', 'M', 25, 'user', '2025-03-11 22:22:05', null, null, 0),
        (62, 'prozikbapler62@example.com', 'password62', '프로직밥러62', 'F', 30, 'user', '2025-03-11 22:22:05', null, null, 0),
        (63, 'prozikbapler63@example.com', 'password63', '프로직밥러63', 'M', 22, 'user', '2025-03-11 22:22:05', null, null, 0),
        (64, 'prozikbapler64@example.com', 'password64', '프로직밥러64', 'F', 24, 'user', '2025-03-11 22:22:05', null, null, 0),
        (65, 'prozikbapler65@example.com', 'password65', '프로직밥러65', 'M', 28, 'user', '2025-03-11 22:22:05', null, null, 0),
        (66, 'prozikbapler66@example.com', 'password66', '프로직밥러66', 'F', 25, 'user', '2025-03-11 22:22:05', null, null, 0),
        (67, 'prozikbapler67@example.com', 'password67', '프로직밥러67', 'M', 30, 'user', '2025-03-11 22:22:05', null, null, 0),
        (68, 'prozikbapler68@example.com', 'password68', '프로직밥러68', 'F', 22, 'user', '2025-03-11 22:22:05', null, null, 0),
        (69, 'prozikbapler69@example.com', 'password69', '프로직밥러69', 'M', 24, 'user', '2025-03-11 22:22:05', null, null, 0),
        (70, 'prozikbapler70@example.com', 'password70', '프로직밥러70', 'F', 28, 'user', '2025-03-11 22:22:05', null, null, 0),
        (71, 'prozikbapler71@example.com', 'password71', '프로직밥러71', 'M', 25, 'user', '2025-03-11 22:22:05', null, null, 0),
        (72, 'prozikbapler72@example.com', 'password72', '프로직밥러72', 'F', 30, 'user', '2025-03-11 22:22:05', null, null, 0),
        (73, 'prozikbapler73@example.com', 'password73', '프로직밥러73', 'M', 22, 'user', '2025-03-11 22:22:05', null, null, 0),
        (74, 'prozikbapler74@example.com', 'password74', '프로직밥러74', 'F', 24, 'user', '2025-03-11 22:22:05', null, null, 0),
        (75, 'prozikbapler75@example.com', 'password75', '프로직밥러75', 'M', 28, 'user', '2025-03-11 22:22:05', null, null, 0),
        (76, 'prozikbapler76@example.com', 'password76', '프로직밥러76', 'F', 25, 'user', '2025-03-11 22:22:05', null, null, 0),
        (77, 'prozikbapler77@example.com', 'password77', '프로직밥러77', 'M', 30, 'user', '2025-03-11 22:22:05', null, null, 0),
        (78, 'prozikbapler78@example.com', 'password78', '프로직밥러78', 'F', 22, 'user', '2025-03-11 22:22:05', null, null, 0),
        (79, 'prozikbapler79@example.com', 'password79', '프로직밥러79', 'M', 24, 'user', '2025-03-11 22:22:05', null, null, 0),
        (80, 'prozikbapler80@example.com', 'password80', '프로직밥러80', 'F', 28, 'user', '2025-03-11 22:22:05', null, null, 0),
        (81, 'prozikbapler81@example.com', 'password81', '프로직밥러81', 'M', 25, 'user', '2025-03-11 22:22:05', null, null, 0),
        (82, 'prozikbapler82@example.com', 'password82', '프로직밥러82', 'F', 30, 'user', '2025-03-11 22:22:05', null, null, 0),
        (83, 'prozikbapler83@example.com', 'password83', '프로직밥러83', 'M', 22, 'user', '2025-03-11 22:22:05', null, null, 0),
        (84, 'prozikbapler84@example.com', 'password84', '프로직밥러84', 'F', 24, 'user', '2025-03-11 22:22:05', null, null, 0),
        (85, 'prozikbapler85@example.com', 'password85', '프로직밥러85', 'M', 28, 'user', '2025-03-11 22:22:05', null, null, 0),
        (86, 'prozikbapler86@example.com', 'password86', '프로직밥러86', 'F', 25, 'user', '2025-03-11 22:22:05', null, null, 0),
        (87, 'prozikbapler87@example.com', 'password87', '프로직밥러87', 'M', 30, 'user', '2025-03-11 22:22:05', null, null, 0),
        (88, 'prozikbapler88@example.com', 'password88', '프로직밥러88', 'F', 22, 'user', '2025-03-11 22:22:05', null, null, 0),
        (89, 'prozikbapler89@example.com', 'password89', '프로직밥러89', 'M', 24, 'user', '2025-03-11 22:22:05', null, null, 0),
        (90, 'prozikbapler90@example.com', 'password90', '프로직밥러90', 'F', 28, 'user', '2025-03-11 22:22:05', null, null, 0),
        (91, 'prozikbapler91@example.com', 'password91', '프로직밥러91', 'M', 25, 'user', '2025-03-11 22:22:05', null, null, 0),
        (92, 'prozikbapler92@example.com', 'password92', '프로직밥러92', 'F', 30, 'user', '2025-03-11 22:22:05', null, null, 0),
        (93, 'prozikbapler93@example.com', 'password93', '프로직밥러93', 'M', 22, 'user', '2025-03-11 22:22:05', null, null, 0),
        (94, 'prozikbapler94@example.com', 'password94', '프로직밥러94', 'F', 24, 'user', '2025-03-11 22:22:05', null, null, 0),
        (95, 'prozikbapler95@example.com', 'password95', '프로직밥러95', 'M', 28, 'user', '2025-03-11 22:22:05', null, null, 0),
        (96, 'prozikbapler96@example.com', 'password96', '프로직밥러96', 'F', 25, 'user', '2025-03-11 22:22:05', null, null, 0),
        (97, 'prozikbapler97@example.com', 'password97', '프로직밥러97', 'M', 30, 'user', '2025-03-11 22:22:05', null, null, 0),
        (98, 'prozikbapler98@example.com', 'password98', '프로직밥러98', 'F', 22, 'user', '2025-03-11 22:22:05', null, null, 0),
        (99, 'prozikbapler99@example.com', 'password99', '프로직밥러99', 'M', 24, 'user', '2025-03-11 22:22:05', null, null, 0),
        (100, 'prozikbapler100@example.com', 'password100', '프로직밥러100', 'F', 28, 'user', '2025-03-11 22:22:05', null, null, 0);

insert into zikbap.reviews (review_id, restaurant_id, user_id, content, rating, created_at, modified_at, deleted_at, deleted)
values  (1, 6, 49, '맛있어요! 다음에 또 올께요~ ^^', 3, '2025-03-11 22:22:05', null, null, 0),
        (2, 93, 61, '맛있어요! 다음에 또 올께요~ ^^', 5, '2025-03-11 22:22:05', null, null, 0),
        (3, 74, 69, '맛있어요! 다음에 또 올께요~ ^^', 5, '2025-03-11 22:22:05', null, null, 0),
        (4, 61, 17, '맛있어요! 다음에 또 올께요~ ^^', 5, '2025-03-11 22:22:05', null, null, 0),
        (5, 8, 16, '맛있어요! 다음에 또 올께요~ ^^', 2, '2025-03-11 22:22:05', null, null, 0),
        (6, 12, 77, '맛있어요! 다음에 또 올께요~ ^^', 3, '2025-03-11 22:22:05', null, null, 0),
        (7, 84, 68, '맛있어요! 다음에 또 올께요~ ^^', 1, '2025-03-11 22:22:05', null, null, 0),
        (8, 49, 82, '맛있어요! 다음에 또 올께요~ ^^', 3, '2025-03-11 22:22:05', null, null, 0),
        (9, 115, 77, '맛있어요! 다음에 또 올께요~ ^^', 4, '2025-03-11 22:22:05', null, null, 0),
        (10, 28, 98, '맛있어요! 다음에 또 올께요~ ^^', 3, '2025-03-11 22:22:05', null, null, 0),
        (11, 67, 97, '맛있어요! 다음에 또 올께요~ ^^', 3, '2025-03-11 22:22:05', null, null, 0),
        (12, 19, 61, '맛있어요! 다음에 또 올께요~ ^^', 4, '2025-03-11 22:22:05', null, null, 0),
        (13, 18, 26, '맛있어요! 다음에 또 올께요~ ^^', 4, '2025-03-11 22:22:05', null, null, 0),
        (14, 23, 68, '맛있어요! 다음에 또 올께요~ ^^', 2, '2025-03-11 22:22:05', null, null, 0),
        (15, 116, 44, '맛있어요! 다음에 또 올께요~ ^^', 2, '2025-03-11 22:22:05', null, null, 0),
        (16, 14, 96, '맛있어요! 다음에 또 올께요~ ^^', 5, '2025-03-11 22:22:05', null, null, 0),
        (17, 15, 79, '맛있어요! 다음에 또 올께요~ ^^', 5, '2025-03-11 22:22:05', null, null, 0),
        (18, 26, 21, '맛있어요! 다음에 또 올께요~ ^^', 2, '2025-03-11 22:22:05', null, null, 0),
        (19, 36, 11, '맛있어요! 다음에 또 올께요~ ^^', 4, '2025-03-11 22:22:05', null, null, 0),
        (20, 116, 36, '맛있어요! 다음에 또 올께요~ ^^', 1, '2025-03-11 22:22:05', null, null, 0),
        (21, 64, 69, '맛있어요! 다음에 또 올께요~ ^^', 3, '2025-03-11 22:22:05', null, null, 0),
        (22, 67, 22, '맛있어요! 다음에 또 올께요~ ^^', 2, '2025-03-11 22:22:05', null, null, 0),
        (23, 64, 3, '맛있어요! 다음에 또 올께요~ ^^', 3, '2025-03-11 22:22:05', null, null, 0),
        (24, 41, 65, '맛있어요! 다음에 또 올께요~ ^^', 4, '2025-03-11 22:22:05', null, null, 0),
        (25, 20, 20, '맛있어요! 다음에 또 올께요~ ^^', 4, '2025-03-11 22:22:05', null, null, 0),
        (26, 38, 58, '맛있어요! 다음에 또 올께요~ ^^', 4, '2025-03-11 22:22:05', null, null, 0),
        (27, 40, 69, '맛있어요! 다음에 또 올께요~ ^^', 3, '2025-03-11 22:22:05', null, null, 0),
        (28, 68, 18, '맛있어요! 다음에 또 올께요~ ^^', 3, '2025-03-11 22:22:05', null, null, 0),
        (29, 89, 9, '맛있어요! 다음에 또 올께요~ ^^', 2, '2025-03-11 22:22:05', null, null, 0),
        (30, 18, 43, '맛있어요! 다음에 또 올께요~ ^^', 2, '2025-03-11 22:22:05', null, null, 0),
        (31, 18, 81, '맛있어요! 다음에 또 올께요~ ^^', 5, '2025-03-11 22:22:05', null, null, 0),
        (32, 16, 4, '맛있어요! 다음에 또 올께요~ ^^', 3, '2025-03-11 22:22:05', null, null, 0),
        (33, 29, 44, '맛있어요! 다음에 또 올께요~ ^^', 5, '2025-03-11 22:22:05', null, null, 0),
        (34, 50, 23, '맛있어요! 다음에 또 올께요~ ^^', 3, '2025-03-11 22:22:05', null, null, 0),
        (35, 52, 14, '맛있어요! 다음에 또 올께요~ ^^', 4, '2025-03-11 22:22:05', null, null, 0),
        (36, 50, 55, '맛있어요! 다음에 또 올께요~ ^^', 4, '2025-03-11 22:22:05', null, null, 0),
        (37, 21, 53, '맛있어요! 다음에 또 올께요~ ^^', 2, '2025-03-11 22:22:05', null, null, 0),
        (38, 53, 6, '맛있어요! 다음에 또 올께요~ ^^', 3, '2025-03-11 22:22:05', null, null, 0),
        (39, 35, 7, '맛있어요! 다음에 또 올께요~ ^^', 3, '2025-03-11 22:22:05', null, null, 0),
        (40, 57, 99, '맛있어요! 다음에 또 올께요~ ^^', 4, '2025-03-11 22:22:05', null, null, 0);

insert into zikbap.restaurants (restaurant_id, restaurant_name, location_category, location_detail, rating, review_count, phone_number, created_at, modified_at, deleted_at, deleted, category_id)
values  (1, '다미카츠', '강남', '서울특별시 강남구 논현로38길 46 (도곡동) 1층', 0, 0, '0260911137', '2025-03-11 22:22:05', null, null, 0, 3),
        (2, '대치동영지', '강남', '서울특별시 강남구 삼성로 212 (대치2동)', 0, 0, '025651114', '2025-03-11 22:22:05', null, null, 0, 1),
        (3, '송백식당', '여의도', '서울특별시 영등포구 당산로38길16 102호', 0, 0, '022635080', '2025-03-11 22:22:05', null, null, 0, 1),
        (4, '대박물갈비', '사대문', '서울특별시 중구 퇴계로4길 7 (남창동) 1층', 0, 0, '027556974', '2025-03-11 22:22:05', null, null, 0, 1),
        (5, '고등어식당', '강남', '서울특별시 강남구 강남대로84길 33 (역삼1동)', 0, 0, '022050095', '2025-03-11 22:22:05', null, null, 0, 1),
        (6, '다복콩비지', '강남', '서울특별시 강남구 개포로22길 31 (개포4동)', 3, 0, '025732057', '2025-03-11 22:22:05', null, null, 0, 1),
        (7, '맛있는돈까스', '강남', '서울특별시 강남구 개포로 638 (일원1동) 지상1층', 0, 0, '024595278', '2025-03-11 22:22:05', null, null, 0, 4),
        (8, '빨강우산 부대찌개', '강남', '서울특별시 강남구 테헤란로 313 성지하이츠 B107호', 2, 0, '025581033', '2025-03-11 22:22:05', null, null, 0, 1),
        (9, '삼탱이시래기밥', '강남', '서울특별시 강남구 테헤란로 322 (역삼동) 지하2층', 0, 0, '022183078', '2025-03-11 22:22:05', null, null, 0, 1),
        (10, '서희네', '강남', '서울특별시 강남구 개포로22길 41 (개포4동) 1층 101호', 0, 0, '07081517281', '2025-03-11 22:22:05', null, null, 0, 1),
        (11, '수서골목냉면', '강남', '서울특별시 강남구 광평로 232 (수서동) 1층', 0, 0, '024517158', '2025-03-11 22:22:05', null, null, 0, 1),
        (12, '시골청국장', '강남', '서울특별시 강남구 학동로 504 (삼성1동) 서울빌딩 101호', 3, 0, '025480171', '2025-03-11 22:22:05', null, null, 0, 1),
        (13, '양구식당', '강남', '서울특별시 강남구 논현로151길 26 (신사동)', 0, 0, '025485848', '2025-03-11 22:22:05', null, null, 0, 1),
        (14, '왕두꺼비 부대찌개', '강남', '서울특별시 강남구 역삼로4길 16 성우스타우스 103호', 5, 0, '022181233', '2025-03-11 22:22:05', null, null, 0, 1),
        (15, '월드맛집', '강남', '서울특별시 강남구 논현로151길 26 (신사동)', 5, 0, '025167892', '2025-03-11 22:22:05', null, null, 0, 1),
        (16, '트윈쿡', '강남', '서울특별시 강남구 영동대로 513 (삼성1동) 지하1층 M112호', 3, 0, '026003225', '2025-03-11 22:22:05', null, null, 0, 1),
        (17, '학동부대', '강남', '서울특별시 강남구 학동로 224 (논현동) B101호', 0, 0, '025408040', '2025-03-11 22:22:05', null, null, 0, 1),
        (18, '향원', '강남', '서울특별시 강남구 역삼로4길 16 성우스타우스 104호', 3.66667, 0, '0212345678', '2025-03-11 22:22:05', null, null, 0, 1),
        (19, '공주칼국수', '여의도', '서울특별시 영등포구 도림천로11길 1 (대림동) 1층', 4, 0, '022631234', '2025-03-11 22:22:05', null, null, 0, 1),
        (20, '正닭곰탕', '강남', '서울특별시 강남구 언주로30길 13 (도곡동, 대림아크로빌, 대림아크로텔) B01층 11호', 4, 0, '0221876358', '2025-03-11 22:22:05', null, null, 0, 1),
        (21, '석화촌', '강남', '서울특별시 강남구 강남대로240 (도곡1동) 지하1층 B111', 2, 0, '025735756', '2025-03-11 22:22:05', null, null, 0, 1),
        (22, '여신김밥', '강남', '서울특별시 강남구 선릉로90길 70 (대치4동) 인텔빌딩 지상1층', 0, 0, '025010925', '2025-03-11 22:22:05', null, null, 0, 1),
        (23, '낭주골추어탕', '여의도', '서울특별시 영등포구 영등포로190', 2, 0, '022637460', '2025-03-11 22:22:05', null, null, 0, 1),
        (24, '피치앤명동', '여의도', '서울특별시 영등포구 영신로24길 18-1 (영등포동4가) 1층', 0, 0, '022631234', '2025-03-11 22:22:05', null, null, 0, 1),
        (25, '명희네밥상', '사대문', '서울특별시 중구 퇴계로8길 49 (회현동1가) 1층', 0, 0, '023180171', '2025-03-11 22:22:05', null, null, 0, 1),
        (26, '감자보리밥', '강남', '서울특별시 강남구 선릉로 519 (역삼동) 지하1층', 2, 0, '025543466', '2025-03-11 22:22:05', null, null, 0, 1),
        (27, '김밥여행', '강남', '서울특별시 강남구 논현로4길 47 (개포4동)', 0, 0, '025710747', '2025-03-11 22:22:05', null, null, 0, 1),
        (28, '대아부대찌개', '강남', '서울특별시 강남구 논현로71길 35 (역삼동) 1층', 3, 0, '029319393', '2025-03-11 22:22:05', null, null, 0, 1),
        (29, '명동만두', '강남', '서울특별시 강남구 역삼로 133 (역삼1동) 지상1층 1호', 5, 0, '022057776', '2025-03-11 22:22:05', null, null, 0, 1),
        (30, '부뚜막', '강남', '서울특별시 강남구 테헤란로 313 (역삼동) 성지하이트 B01층', 0, 0, '025384647', '2025-03-11 22:22:05', null, null, 0, 1),
        (31, '북청김치찌개', '강남', '서울특별시 강남구 개포로 668 1층', 0, 0, '0212345678', '2025-03-11 22:22:05', null, null, 0, 1),
        (32, '사천옥', '강남', '서울특별시 강남구 선릉로86길 16 (대치4동) 지상1층', 0, 0, '025391075', '2025-03-11 22:22:05', null, null, 0, 1),
        (33, '소담', '강남', '서울특별시 강남구 개포로 615 (일원2동) 지하115호', 0, 0, '023410010', '2025-03-11 22:22:05', null, null, 0, 1),
        (34, '신석기부대찌개', '강남', '서울특별시 강남구 개포로15길 14 (개포동) 1층', 0, 0, '025713328', '2025-03-11 22:22:05', null, null, 0, 1),
        (35, '엄마밥상', '강남', '서울특별시 강남구 언주로125길 5 (논현동) B01층', 3, 0, '025405181', '2025-03-11 22:22:05', null, null, 0, 1),
        (36, '엄지네집', '강남', '서울특별시 강남구 학동로20길 24 (논현동) 1층', 4, 0, '025437208', '2025-03-11 22:22:05', null, null, 0, 1),
        (37, '영심이네집밥', '강남', '서울특별시 강남구 개포로17길 3-10 (개포4동) 지상1층', 0, 0, '025295317', '2025-03-11 22:22:05', null, null, 0, 1),
        (38, '원할매이모네닭한마리', '강남', '서울특별시 강남구 도곡로4길 9 (도곡1동) 2층', 4, 0, '023468555', '2025-03-11 22:22:05', null, null, 0, 1),
        (39, '육판장', '강남', '서울특별시 강남구 삼성로 155 (대치1동) 지상1층 122호', 0, 0, '025646254', '2025-03-11 22:22:05', null, null, 0, 1),
        (40, '이모네분식', '강남', '서울특별시 강남구 도곡로21길 15 (역삼1동) 지상1층 5호', 3, 0, '025672005', '2025-03-11 22:22:05', null, null, 0, 1),
        (41, '정원식당', '강남', '서울특별시 강남구 논현로 507 지하1층 2호', 4, 0, '025391235', '2025-03-11 22:22:05', null, null, 0, 1),
        (42, '한벽루전주콩나물국밥', '강남', '서울특별시 강남구 개포로 648 (일원1동) 1층', 0, 0, '024451041', '2025-03-11 22:22:05', null, null, 0, 1),
        (43, '해남식당', '강남', '서울특별시 강남구 학동로101길 26 (청담동) 청담삼익상가 지하1층 4호', 0, 0, '025439660', '2025-03-11 22:22:05', null, null, 0, 1),
        (44, '홍가네김치독', '강남', '서울특별시 강남구 도곡로7길 7 B01층', 0, 0, '025659832', '2025-03-11 22:22:05', null, null, 0, 1),
        (45, '강남손제비', '강남', '서울특별시 강남구 테헤란로25길 20 2층', 0, 0, '022193599', '2025-03-11 22:22:05', null, null, 0, 1),
        (46, '금룡', '여의도', '서울특별시 영등포구 국회대로70길 19 (여의도동) 지하1층 B18호', 0, 0, '022631234', '2025-03-11 22:22:05', null, null, 0, 2),
        (47, '김밥마을', '여의도', '서울특별시 영등포구 도신로 94 (신길동) 1층', 0, 0, '022631234', '2025-03-11 22:22:05', null, null, 0, 1),
        (48, '덕천골', '여의도', '서울특별시 영등포구 대림로 87 (대림동) 1층', 0, 0, '022631234', '2025-03-11 22:22:05', null, null, 0, 1),
        (49, '또순이', '여의도', '서울특별시 영등포구 가마산로 410 (신길동) 1층', 3, 0, '022631234', '2025-03-11 22:22:05', null, null, 0, 1),
        (50, '명동분식', '여의도', '서울특별시 영등포구 영중로10길 33 (영등포동3가) 1층', 3.5, 0, '022631234', '2025-03-11 22:22:05', null, null, 0, 1),
        (51, '무의도바다손칼국수', '여의도', '서울특별시 영등포구 디지털로 407 (대림동) 1층', 0, 0, '022631234', '2025-03-11 22:22:05', null, null, 0, 1),
        (52, '부자칼국수', '여의도', '서울특별시 영등포구 가마산로 449-7 (신길동) 1층', 4, 0, '022631234', '2025-03-11 22:22:05', null, null, 0, 1),
        (53, '산동성', '여의도', '서울특별시 영등포구 가마산로89길 4-1 (신길동) 1층', 3, 0, '022631234', '2025-03-11 22:22:05', null, null, 0, 2),
        (54, '삼미식당', '여의도', '서울특별시 영등포구 영등포로5길 14-2 1층', 0, 0, '022068428', '2025-03-11 22:22:05', null, null, 0, 1),
        (55, '유림각', '여의도', '서울특별시 영등포구 영중로3길 12-1 (영등포동4가) 1층', 0, 0, '022631234', '2025-03-11 22:22:05', null, null, 0, 2),
        (56, '유미식당', '여의도', '서울특별시 영등포구 시흥대로 611 ', 0, 0, '028447953', '2025-03-11 22:22:05', null, null, 0, 1),
        (57, '정원한방오리', '여의도', '서울특별시 영등포구 가마산로455 (2층)', 4, 0, '028368878', '2025-03-11 22:22:05', null, null, 0, 1),
        (58, '345국수', '사대문', '서울특별시 중구 청구로 83-9 1층', 0, 0, '022235257', '2025-03-11 22:22:05', null, null, 0, 1),
        (59, '거목식당', '사대문', '서울특별시 중구 을지로36길 18 (을지로5가)', 0, 0, '022260010', '2025-03-11 22:22:05', null, null, 0, 1),
        (60, '광희식당', '사대문', '서울특별시 중구 장충단로 212-2 (광희동2가)', 0, 0, '022261555', '2025-03-11 22:22:05', null, null, 0, 1),
        (61, '돈우가식당', '사대문', '서울특별시 중구 남대문로 25-17 1층(북창동)', 5, 0, '023781313', '2025-03-11 22:22:05', null, null, 0, 1),
        (62, '명동얼큰수제비', '사대문', '서울특별시 중구 남대문로 64 ', 0, 0, '027527649', '2025-03-11 22:22:05', null, null, 0, 1),
        (63, '민정이네', '사대문', '서울특별시 중구 만리재로 37길 21 (만리동1가)', 0, 0, '023121420', '2025-03-11 22:22:05', null, null, 0, 1),
        (64, '우리집 맛자랑', '사대문', '서울특별시 중구 퇴계로20길 26 (남산동2가)', 3, 0, '023198939', '2025-03-11 22:22:05', null, null, 0, 1),
        (65, '유가', '사대문', '서울특별시 중구 퇴계로12길 68 1층 (회현동1가)', 0, 0, '023789688', '2025-03-11 22:22:05', null, null, 0, 2),
        (66, '이원 손칼국수', '사대문', '서울특별시 중구 동호로37길 33-16 (주교동) 1층', 0, 0, '0222735568', '2025-03-11 22:22:05', null, null, 0, 1),
        (67, '장수보리밥', '사대문', '서울특별시 중구 퇴계로85길 12-4 (황학동)', 2.5, 0, '022252808', '2025-03-11 22:22:05', null, null, 0, 1),
        (68, '코너집', '사대문', '서울특별시 중구 퇴계로 336 1층101호(광희동2가,성진오피스텔)', 3, 0, '022276266', '2025-03-11 22:22:05', null, null, 0, 1),
        (69, '풍년식당', '사대문', '서울특별시 중구 퇴계로36가길 47 (필동2가)', 0, 0, '022270870', '2025-03-11 22:22:05', null, null, 0, 1),
        (70, '노숙자아구샤브샤브', '강남', '서울특별시 강남구 개포로22길 13 (개포4동)', 0, 0, '025775017', '2025-03-11 22:22:05', null, null, 0, 1),
        (71, '누렁국수', '강남', '서울특별시 강남구 개포로 652 (일원1동)빌딩스타3 지상1층 101호', 0, 0, '024310045', '2025-03-11 22:22:05', null, null, 0, 1),
        (72, '돈까스리', '강남', '서울특별시 강남구 테헤란로 322 (역삼2동) 지하층 124호', 0, 0, '022180714', '2025-03-11 22:22:05', null, null, 0, 4),
        (73, '소울담은 퓨전요리', '강남', '서울특별시 강남구 영동대로96길 37 2층', 0, 0, '025088708', '2025-03-11 22:22:05', null, null, 0, 1),
        (74, '송송카레', '강남', '서울특별시 강남구 역삼로 207 1층', 5, 0, '025530527', '2025-03-11 22:22:05', null, null, 0, 3),
        (75, '수타손짜장', '강남', '서울특별시 강남구 개포로 615 (일원2동) 지하1층 110호', 0, 0, '024519763', '2025-03-11 22:22:05', null, null, 0, 2),
        (76, '이모네손칼국수', '강남', '서울특별시 강남구 언주로69길 9 (역삼2동) 1층', 0, 0, '025550767', '2025-03-11 22:22:05', null, null, 0, 1),
        (77, '임가네민속집', '강남', '서울특별시 강남구 논현로79길 7 (역삼1동) 지상1층 1-1호', 0, 0, '025561015', '2025-03-11 22:22:05', null, null, 0, 1),
        (78, '장원식당', '강남', '서울특별시 강남구 강남대로152길 67 ', 0, 0, '025487577', '2025-03-11 22:22:05', null, null, 0, 1),
        (79, '전주식당', '강남', '서울특별시 강남구 강남대로94길 23 (역삼동) B01층', 0, 0, '025551853', '2025-03-11 22:22:05', null, null, 0, 1),
        (80, '해피타임', '강남', '서울특별시 강남구 삼성로71길 34 (대치4동)', 0, 0, '025675714', '2025-03-11 22:22:05', null, null, 0, 1),
        (81, '남경', '여의도', '서울특별시 영등포구 영중로29길 2 (영등포동7가) 1층', 0, 0, '022631234', '2025-03-11 22:22:05', null, null, 0, 2),
        (82, '신흥원', '여의도', '서울특별시 영등포구 시흥대로 667 (대림동) 1층', 0, 0, '022631234', '2025-03-11 22:22:05', null, null, 0, 2),
        (83, '열빈중화요리', '여의도', '서울특별시 영등포구 양평로 126 (양평동5가) 1층', 0, 0, '022631234', '2025-03-11 22:22:05', null, null, 0, 2),
        (84, '영자씨우동김밥', '사대문', '서울특별시 중구 마른내로 15-1 (저동2가)', 1, 0, '022279791', '2025-03-11 22:22:05', null, null, 0, 1),
        (85, '돈바치', '강남', '서울특별시 강남구 개포로 250 (개포동) 103호', 0, 0, '07077788300', '2025-03-11 22:22:05', null, null, 0, 3),
        (86, '정든김밥', '강남', '서울특별시 강남구 테헤란로25길 17 (역삼동) 1층', 0, 0, '025646926', '2025-03-11 22:22:05', null, null, 0, 1),
        (87, '하하', '강남', '서울특별시 강남구 논현로151길 24 (신사동)', 0, 0, '025462697', '2025-03-11 22:22:05', null, null, 0, 3),
        (88, '할머니분식', '강남', '서울특별시 강남구 도곡로 516 (대치동) 지하1층', 0, 0, '025521407', '2025-03-11 22:22:05', null, null, 0, 1),
        (89, '동네짜장', '여의도', '서울특별시 영등포구 도림로 188 (대림동) 1층', 2, 0, '022631234', '2025-03-11 22:22:05', null, null, 0, 2),
        (90, '순미식당', '여의도', '서울특별시 영등포구 대방천로188 1층', 0, 0, '028327436', '2025-03-11 22:22:05', null, null, 0, 1),
        (91, '연경궁', '여의도', '서울특별시 영등포구 국회대로30길 14 1층', 0, 0, '022673569', '2025-03-11 22:22:05', null, null, 0, 2),
        (92, '일선화', '여의도', '서울특별시 영등포구 여의대방로59길 2 (신길동) 1층', 0, 0, '022631234', '2025-03-11 22:22:05', null, null, 0, 2),
        (93, '짜우리아', '여의도', '서울특별시 영등포구 영신로 34 ', 5, 0, '028338802', '2025-03-11 22:22:05', null, null, 0, 2),
        (94, '짬뽕나라', '여의도', '서울특별시 영등포구 가마산로65길 9 (신길동) 1층', 0, 0, '022631234', '2025-03-11 22:22:05', null, null, 0, 2),
        (95, '공화춘', '사대문', '서울특별시 중구 청파로 457-1 (중림동) 2층', 0, 0, '027234038', '2025-03-11 22:22:05', null, null, 0, 2),
        (96, '이조식당', '사대문', '서울특별시 중구 청파로103길 33 1층(중림동)', 0, 0, '023655993', '2025-03-11 22:22:05', null, null, 0, 1),
        (97, '형제정육식당', '사대문', '서울특별시 중구 다산로40길 56 1층(신당5동)', 0, 0, '022239902', '2025-03-11 22:22:05', null, null, 0, 1),
        (98, '흑돈연가', '사대문', '서울특별시 중구 퇴계로88길 20 1층 (신당5동)', 0, 0, '022237854', '2025-03-11 22:22:05', null, null, 0, 1),
        (99, '대청분식', '강남', '서울특별시 강남구 개포로 621 (개포동) B102호', 0, 0, '022222928', '2025-03-11 22:22:05', null, null, 0, 1),
        (100, '숙아채 콩나물국밥', '강남', '서울특별시 강남구 개포로20길 17 (개포4동)', 0, 0, '025714441', '2025-03-11 22:22:05', null, null, 0, 1),
        (101, '엄마손김밥', '강남', '서울특별시 강남구 언주로 314 (역삼2동)', 0, 0, '025545733', '2025-03-11 22:22:05', null, null, 0, 1),
        (102, '중화요리일품', '강남', '서울특별시 강남구 테헤란로 322 (역삼2동)', 0, 0, '0212345678', '2025-03-11 22:22:05', null, null, 0, 2),
        (103, '행복한잔치국수', '강남', '서울특별시 강남구 광평로 196 (수서동) 2층 201호', 0, 0, '024592918', '2025-03-11 22:22:05', null, null, 0, 1),
        (104, '126밥상', '여의도', '서울특별시 영등포구 당산로36길 1 (당산동4가) 1층', 0, 0, '05071335134', '2025-03-11 22:22:05', null, null, 0, 1),
        (105, '만강홍', '여의도', '서울특별시 영등포구 영중로10길 20 (영등포동3가) 2층', 0, 0, '022631234', '2025-03-11 22:22:05', null, null, 0, 2),
        (106, '신흥각', '여의도', '서울특별시 영등포구 도림로147길 1-6 (문래동4가) 1층', 0, 0, '022631234', '2025-03-11 22:22:05', null, null, 0, 2),
        (107, '옛날홍두깨손칼국수', '사대문', '서울특별시 중구 동호로7길 32 ', 0, 0, '022231458', '2025-03-11 22:22:05', null, null, 0, 1),
        (108, '국수마을', '강남', '서울특별시 강남구 봉은사로114길 42 (삼성동) 1층', 0, 0, '0232883005', '2025-03-11 22:22:05', null, null, 0, 1),
        (109, '다시사랑한다면', '강남', '서울특별시 강남구 언주로 407 (역삼동)', 0, 0, '025550451', '2025-03-11 22:22:05', null, null, 0, 1),
        (110, '만나식당', '강남', '서울특별시 강남구 개포로 109길 5 (개포동) 106호', 0, 0, '024518886', '2025-03-11 22:22:05', null, null, 0, 1),
        (111, '시골밥상', '강남', '서울특별시 강남구 테헤란로 313 (역삼동) B01, 3호', 0, 0, '025614667', '2025-03-11 22:22:05', null, null, 0, 1),
        (112, '왕가네왕만두', '강남', '서울특별시 강남구 역삼로 420 (대치4동) 지상1층 102호', 0, 0, '025550208', '2025-03-11 22:22:05', null, null, 0, 1),
        (113, '김밥하우스', '여의도', '서울특별시 영등포구 신길로 38 (신길동) 1층', 0, 0, '022631234', '2025-03-11 22:22:05', null, null, 0, 1),
        (114, '장안김밥', '사대문', '서울특별시 중구 다산로36길 25 ', 0, 0, '022238135', '2025-03-11 22:22:05', null, null, 0, 1),
        (115, '뉴욕스넥', '사대문', '서울특별시 중구 을지로 지하131 (을지로3가) 56호', 4, 0, '0222741110', '2025-03-11 22:22:05', null, null, 0, 1),
        (116, '이모분식', '사대문', '서울특별시 중구 충무로 43-2 (초동) 1층', 1.5, 0, '0222793897', '2025-03-11 22:22:05', null, null, 0, 1),
        (117, '이가네김밥마을', '강남', '서울특별시 강남구 양재대로33길 21 (일원동) 1층', 0, 0, '0234122692', '2025-03-11 22:22:05', null, null, 0, 1),
        (118, '충정로김밥', '사대문', '서울특별시 중구 서소문로6길 34 1층108호(중림동,성요셉아파트상가)', 0, 0, '023131006', '2025-03-11 22:22:05', null, null, 0, 1),
        (119, '푸드카페', '사대문', '서울특별시 중구 충무로2길 23 (충무로4가)', 0, 0, '022235666', '2025-03-11 22:22:05', null, null, 0, 1),
        (120, '카페달싸', '여의도', '서울특별시 영등포구 당산로33길 9 1층(당산동3가, 레드빌딩)', 0, 0, '022678522', '2025-03-11 22:22:05', null, null, 0, 1);

insert into zikbap.menus (menu_id, name, price, description, image_url, signature, restaurant_id)
values  (1, '로스카츠', 9500, '백종원도 인정한 그맛', 'https://i.namu.wiki/i/pyK7dKzqwEe-1ZdGESPyVnxhxRM9vBwFdD_-ZuV2YWmRWpvxLU-EMhJZ2lXbgCn9xZtdse9nxKtmXebrb0UWlaWXbf-PDp0EFCJEp7-alWCAP_Mdq4zsPpCpWCPeJYx1PhyHb_KGizSxhlucs8uWug.webp', 1, 1),
        (2, '닭곰탕', 9500, '백종원도 인정한 그맛', 'https://i.namu.wiki/i/30cIGmFUmFPtP8m2Ypoh5idWM6IXBygc7dJjpYi3P8ZXhCnixw-aSx4u4qTBbWojL_J3UEH2bkiH7V90iNKSeeZyrXq0AqfMMcZAAFyjFcNvgmGIn8FB115e3JZ2sEEprY4_bMCn6hIQBEDUmZ8ACA.jpg', 1, 2),
        (3, '김치찌개', 9000, '백종원도 인정한 그맛', 'https://i.namu.wiki/i/30cIGmFUmFPtP8m2Ypoh5idWM6IXBygc7dJjpYi3P8ZXhCnixw-aSx4u4qTBbWojL_J3UEH2bkiH7V90iNKSeeZyrXq0AqfMMcZAAFyjFcNvgmGIn8FB115e3JZ2sEEprY4_bMCn6hIQBEDUmZ8ACA.jpg', 1, 3),
        (4, '제육볶음', 9000, '백종원도 인정한 그맛', 'https://i.namu.wiki/i/30cIGmFUmFPtP8m2Ypoh5idWM6IXBygc7dJjpYi3P8ZXhCnixw-aSx4u4qTBbWojL_J3UEH2bkiH7V90iNKSeeZyrXq0AqfMMcZAAFyjFcNvgmGIn8FB115e3JZ2sEEprY4_bMCn6hIQBEDUmZ8ACA.jpg', 1, 4),
        (5, '묵은지고등어조림', 9000, '백종원도 인정한 그맛', 'https://i.namu.wiki/i/30cIGmFUmFPtP8m2Ypoh5idWM6IXBygc7dJjpYi3P8ZXhCnixw-aSx4u4qTBbWojL_J3UEH2bkiH7V90iNKSeeZyrXq0AqfMMcZAAFyjFcNvgmGIn8FB115e3JZ2sEEprY4_bMCn6hIQBEDUmZ8ACA.jpg', 1, 5),
        (6, '오리육개장', 9000, '백종원도 인정한 그맛', 'https://i.namu.wiki/i/30cIGmFUmFPtP8m2Ypoh5idWM6IXBygc7dJjpYi3P8ZXhCnixw-aSx4u4qTBbWojL_J3UEH2bkiH7V90iNKSeeZyrXq0AqfMMcZAAFyjFcNvgmGIn8FB115e3JZ2sEEprY4_bMCn6hIQBEDUmZ8ACA.jpg', 1, 6),
        (7, '일반돈까스', 9000, '백종원도 인정한 그맛', 'https://i.namu.wiki/i/nqefwbTr99m-MwjLwZNM1HHV-5FM6Fp8m5UhT_Yoj7LYygkxvJ2a5flqTCeN9efPuuWF2P1qLthG6YC3bsR_-Mt_-KWV0FVVlrY3HjGmpyxIrSxkK0iwhWIFdOQVR7IjrO5JlsGTkZnhwZesL3jxGw.webp', 1, 7),
        (8, '부대찌개', 9000, '백종원도 인정한 그맛', 'https://i.namu.wiki/i/30cIGmFUmFPtP8m2Ypoh5idWM6IXBygc7dJjpYi3P8ZXhCnixw-aSx4u4qTBbWojL_J3UEH2bkiH7V90iNKSeeZyrXq0AqfMMcZAAFyjFcNvgmGIn8FB115e3JZ2sEEprY4_bMCn6hIQBEDUmZ8ACA.jpg', 1, 8),
        (9, '시래기밥정식', 9000, '백종원도 인정한 그맛', 'https://i.namu.wiki/i/30cIGmFUmFPtP8m2Ypoh5idWM6IXBygc7dJjpYi3P8ZXhCnixw-aSx4u4qTBbWojL_J3UEH2bkiH7V90iNKSeeZyrXq0AqfMMcZAAFyjFcNvgmGIn8FB115e3JZ2sEEprY4_bMCn6hIQBEDUmZ8ACA.jpg', 1, 9),
        (10, '고등어구이', 9000, '백종원도 인정한 그맛', 'https://i.namu.wiki/i/30cIGmFUmFPtP8m2Ypoh5idWM6IXBygc7dJjpYi3P8ZXhCnixw-aSx4u4qTBbWojL_J3UEH2bkiH7V90iNKSeeZyrXq0AqfMMcZAAFyjFcNvgmGIn8FB115e3JZ2sEEprY4_bMCn6hIQBEDUmZ8ACA.jpg', 1, 10),
        (11, '냉면', 9000, '백종원도 인정한 그맛', 'https://i.namu.wiki/i/30cIGmFUmFPtP8m2Ypoh5idWM6IXBygc7dJjpYi3P8ZXhCnixw-aSx4u4qTBbWojL_J3UEH2bkiH7V90iNKSeeZyrXq0AqfMMcZAAFyjFcNvgmGIn8FB115e3JZ2sEEprY4_bMCn6hIQBEDUmZ8ACA.jpg', 1, 11),
        (12, '청국장', 9000, '백종원도 인정한 그맛', 'https://i.namu.wiki/i/30cIGmFUmFPtP8m2Ypoh5idWM6IXBygc7dJjpYi3P8ZXhCnixw-aSx4u4qTBbWojL_J3UEH2bkiH7V90iNKSeeZyrXq0AqfMMcZAAFyjFcNvgmGIn8FB115e3JZ2sEEprY4_bMCn6hIQBEDUmZ8ACA.jpg', 1, 12),
        (13, '닭곰탕국밥', 9000, '백종원도 인정한 그맛', 'https://i.namu.wiki/i/30cIGmFUmFPtP8m2Ypoh5idWM6IXBygc7dJjpYi3P8ZXhCnixw-aSx4u4qTBbWojL_J3UEH2bkiH7V90iNKSeeZyrXq0AqfMMcZAAFyjFcNvgmGIn8FB115e3JZ2sEEprY4_bMCn6hIQBEDUmZ8ACA.jpg', 1, 13),
        (14, '부대찌개', 9000, '백종원도 인정한 그맛', 'https://i.namu.wiki/i/30cIGmFUmFPtP8m2Ypoh5idWM6IXBygc7dJjpYi3P8ZXhCnixw-aSx4u4qTBbWojL_J3UEH2bkiH7V90iNKSeeZyrXq0AqfMMcZAAFyjFcNvgmGIn8FB115e3JZ2sEEprY4_bMCn6hIQBEDUmZ8ACA.jpg', 1, 14),
        (15, '닭도리뚝배기', 9000, '백종원도 인정한 그맛', 'https://i.namu.wiki/i/30cIGmFUmFPtP8m2Ypoh5idWM6IXBygc7dJjpYi3P8ZXhCnixw-aSx4u4qTBbWojL_J3UEH2bkiH7V90iNKSeeZyrXq0AqfMMcZAAFyjFcNvgmGIn8FB115e3JZ2sEEprY4_bMCn6hIQBEDUmZ8ACA.jpg', 1, 15),
        (16, '김치찌개', 9000, '백종원도 인정한 그맛', 'https://i.namu.wiki/i/30cIGmFUmFPtP8m2Ypoh5idWM6IXBygc7dJjpYi3P8ZXhCnixw-aSx4u4qTBbWojL_J3UEH2bkiH7V90iNKSeeZyrXq0AqfMMcZAAFyjFcNvgmGIn8FB115e3JZ2sEEprY4_bMCn6hIQBEDUmZ8ACA.jpg', 1, 16),
        (17, '부대찌개', 9000, '백종원도 인정한 그맛', 'https://i.namu.wiki/i/30cIGmFUmFPtP8m2Ypoh5idWM6IXBygc7dJjpYi3P8ZXhCnixw-aSx4u4qTBbWojL_J3UEH2bkiH7V90iNKSeeZyrXq0AqfMMcZAAFyjFcNvgmGIn8FB115e3JZ2sEEprY4_bMCn6hIQBEDUmZ8ACA.jpg', 1, 17),
        (18, '반계탕', 9000, '백종원도 인정한 그맛', 'https://i.namu.wiki/i/30cIGmFUmFPtP8m2Ypoh5idWM6IXBygc7dJjpYi3P8ZXhCnixw-aSx4u4qTBbWojL_J3UEH2bkiH7V90iNKSeeZyrXq0AqfMMcZAAFyjFcNvgmGIn8FB115e3JZ2sEEprY4_bMCn6hIQBEDUmZ8ACA.jpg', 1, 18),
        (19, '칼국수', 8500, '백종원도 인정한 그맛', 'https://i.namu.wiki/i/30cIGmFUmFPtP8m2Ypoh5idWM6IXBygc7dJjpYi3P8ZXhCnixw-aSx4u4qTBbWojL_J3UEH2bkiH7V90iNKSeeZyrXq0AqfMMcZAAFyjFcNvgmGIn8FB115e3JZ2sEEprY4_bMCn6hIQBEDUmZ8ACA.jpg', 1, 19),
        (20, '닭곰탕', 8500, '백종원도 인정한 그맛', 'https://i.namu.wiki/i/30cIGmFUmFPtP8m2Ypoh5idWM6IXBygc7dJjpYi3P8ZXhCnixw-aSx4u4qTBbWojL_J3UEH2bkiH7V90iNKSeeZyrXq0AqfMMcZAAFyjFcNvgmGIn8FB115e3JZ2sEEprY4_bMCn6hIQBEDUmZ8ACA.jpg', 1, 20),
        (21, '불고기덮밥', 8500, '백종원도 인정한 그맛', 'https://i.namu.wiki/i/30cIGmFUmFPtP8m2Ypoh5idWM6IXBygc7dJjpYi3P8ZXhCnixw-aSx4u4qTBbWojL_J3UEH2bkiH7V90iNKSeeZyrXq0AqfMMcZAAFyjFcNvgmGIn8FB115e3JZ2sEEprY4_bMCn6hIQBEDUmZ8ACA.jpg', 1, 21),
        (22, '김치돌솥밥', 8500, '백종원도 인정한 그맛', 'https://i.namu.wiki/i/30cIGmFUmFPtP8m2Ypoh5idWM6IXBygc7dJjpYi3P8ZXhCnixw-aSx4u4qTBbWojL_J3UEH2bkiH7V90iNKSeeZyrXq0AqfMMcZAAFyjFcNvgmGIn8FB115e3JZ2sEEprY4_bMCn6hIQBEDUmZ8ACA.jpg', 1, 22),
        (23, '김치찌개', 8000, '백종원도 인정한 그맛', 'https://i.namu.wiki/i/30cIGmFUmFPtP8m2Ypoh5idWM6IXBygc7dJjpYi3P8ZXhCnixw-aSx4u4qTBbWojL_J3UEH2bkiH7V90iNKSeeZyrXq0AqfMMcZAAFyjFcNvgmGIn8FB115e3JZ2sEEprY4_bMCn6hIQBEDUmZ8ACA.jpg', 1, 23),
        (24, '칼국수', 8000, '백종원도 인정한 그맛', 'https://i.namu.wiki/i/30cIGmFUmFPtP8m2Ypoh5idWM6IXBygc7dJjpYi3P8ZXhCnixw-aSx4u4qTBbWojL_J3UEH2bkiH7V90iNKSeeZyrXq0AqfMMcZAAFyjFcNvgmGIn8FB115e3JZ2sEEprY4_bMCn6hIQBEDUmZ8ACA.jpg', 1, 24),
        (25, '김치찌개', 8000, '백종원도 인정한 그맛', 'https://i.namu.wiki/i/30cIGmFUmFPtP8m2Ypoh5idWM6IXBygc7dJjpYi3P8ZXhCnixw-aSx4u4qTBbWojL_J3UEH2bkiH7V90iNKSeeZyrXq0AqfMMcZAAFyjFcNvgmGIn8FB115e3JZ2sEEprY4_bMCn6hIQBEDUmZ8ACA.jpg', 1, 25),
        (26, '감자보리밥', 8000, '백종원도 인정한 그맛', 'https://i.namu.wiki/i/30cIGmFUmFPtP8m2Ypoh5idWM6IXBygc7dJjpYi3P8ZXhCnixw-aSx4u4qTBbWojL_J3UEH2bkiH7V90iNKSeeZyrXq0AqfMMcZAAFyjFcNvgmGIn8FB115e3JZ2sEEprY4_bMCn6hIQBEDUmZ8ACA.jpg', 1, 26),
        (27, '김치볶음밥', 8000, '백종원도 인정한 그맛', 'https://i.namu.wiki/i/30cIGmFUmFPtP8m2Ypoh5idWM6IXBygc7dJjpYi3P8ZXhCnixw-aSx4u4qTBbWojL_J3UEH2bkiH7V90iNKSeeZyrXq0AqfMMcZAAFyjFcNvgmGIn8FB115e3JZ2sEEprY4_bMCn6hIQBEDUmZ8ACA.jpg', 1, 27),
        (28, '부대찌개', 8000, '백종원도 인정한 그맛', 'https://i.namu.wiki/i/30cIGmFUmFPtP8m2Ypoh5idWM6IXBygc7dJjpYi3P8ZXhCnixw-aSx4u4qTBbWojL_J3UEH2bkiH7V90iNKSeeZyrXq0AqfMMcZAAFyjFcNvgmGIn8FB115e3JZ2sEEprY4_bMCn6hIQBEDUmZ8ACA.jpg', 1, 28),
        (29, '수제고기떡만두국', 8000, '백종원도 인정한 그맛', 'https://i.namu.wiki/i/30cIGmFUmFPtP8m2Ypoh5idWM6IXBygc7dJjpYi3P8ZXhCnixw-aSx4u4qTBbWojL_J3UEH2bkiH7V90iNKSeeZyrXq0AqfMMcZAAFyjFcNvgmGIn8FB115e3JZ2sEEprY4_bMCn6hIQBEDUmZ8ACA.jpg', 1, 29),
        (30, '콩나물국밥', 8000, '백종원도 인정한 그맛', 'https://i.namu.wiki/i/30cIGmFUmFPtP8m2Ypoh5idWM6IXBygc7dJjpYi3P8ZXhCnixw-aSx4u4qTBbWojL_J3UEH2bkiH7V90iNKSeeZyrXq0AqfMMcZAAFyjFcNvgmGIn8FB115e3JZ2sEEprY4_bMCn6hIQBEDUmZ8ACA.jpg', 1, 30),
        (31, '김치찌개', 8000, '백종원도 인정한 그맛', 'https://i.namu.wiki/i/30cIGmFUmFPtP8m2Ypoh5idWM6IXBygc7dJjpYi3P8ZXhCnixw-aSx4u4qTBbWojL_J3UEH2bkiH7V90iNKSeeZyrXq0AqfMMcZAAFyjFcNvgmGIn8FB115e3JZ2sEEprY4_bMCn6hIQBEDUmZ8ACA.jpg', 1, 31),
        (32, '가정식백반', 8000, '백종원도 인정한 그맛', 'https://i.namu.wiki/i/30cIGmFUmFPtP8m2Ypoh5idWM6IXBygc7dJjpYi3P8ZXhCnixw-aSx4u4qTBbWojL_J3UEH2bkiH7V90iNKSeeZyrXq0AqfMMcZAAFyjFcNvgmGIn8FB115e3JZ2sEEprY4_bMCn6hIQBEDUmZ8ACA.jpg', 1, 32),
        (33, '차돌된장찌개', 8000, '백종원도 인정한 그맛', 'https://i.namu.wiki/i/30cIGmFUmFPtP8m2Ypoh5idWM6IXBygc7dJjpYi3P8ZXhCnixw-aSx4u4qTBbWojL_J3UEH2bkiH7V90iNKSeeZyrXq0AqfMMcZAAFyjFcNvgmGIn8FB115e3JZ2sEEprY4_bMCn6hIQBEDUmZ8ACA.jpg', 1, 33),
        (34, '점심백반', 8000, '백종원도 인정한 그맛', 'https://i.namu.wiki/i/30cIGmFUmFPtP8m2Ypoh5idWM6IXBygc7dJjpYi3P8ZXhCnixw-aSx4u4qTBbWojL_J3UEH2bkiH7V90iNKSeeZyrXq0AqfMMcZAAFyjFcNvgmGIn8FB115e3JZ2sEEprY4_bMCn6hIQBEDUmZ8ACA.jpg', 1, 34),
        (35, '된장찌개', 8000, '백종원도 인정한 그맛', 'https://i.namu.wiki/i/30cIGmFUmFPtP8m2Ypoh5idWM6IXBygc7dJjpYi3P8ZXhCnixw-aSx4u4qTBbWojL_J3UEH2bkiH7V90iNKSeeZyrXq0AqfMMcZAAFyjFcNvgmGIn8FB115e3JZ2sEEprY4_bMCn6hIQBEDUmZ8ACA.jpg', 1, 35),
        (36, '김치찌개', 8000, '백종원도 인정한 그맛', 'https://i.namu.wiki/i/30cIGmFUmFPtP8m2Ypoh5idWM6IXBygc7dJjpYi3P8ZXhCnixw-aSx4u4qTBbWojL_J3UEH2bkiH7V90iNKSeeZyrXq0AqfMMcZAAFyjFcNvgmGIn8FB115e3JZ2sEEprY4_bMCn6hIQBEDUmZ8ACA.jpg', 1, 36),
        (37, '바지락칼국수', 8000, '백종원도 인정한 그맛', 'https://i.namu.wiki/i/30cIGmFUmFPtP8m2Ypoh5idWM6IXBygc7dJjpYi3P8ZXhCnixw-aSx4u4qTBbWojL_J3UEH2bkiH7V90iNKSeeZyrXq0AqfMMcZAAFyjFcNvgmGIn8FB115e3JZ2sEEprY4_bMCn6hIQBEDUmZ8ACA.jpg', 1, 37),
        (38, '닭곰탕', 8000, '백종원도 인정한 그맛', 'https://i.namu.wiki/i/30cIGmFUmFPtP8m2Ypoh5idWM6IXBygc7dJjpYi3P8ZXhCnixw-aSx4u4qTBbWojL_J3UEH2bkiH7V90iNKSeeZyrXq0AqfMMcZAAFyjFcNvgmGIn8FB115e3JZ2sEEprY4_bMCn6hIQBEDUmZ8ACA.jpg', 1, 38),
        (39, '차돌된장찌개', 8000, '백종원도 인정한 그맛', 'https://i.namu.wiki/i/30cIGmFUmFPtP8m2Ypoh5idWM6IXBygc7dJjpYi3P8ZXhCnixw-aSx4u4qTBbWojL_J3UEH2bkiH7V90iNKSeeZyrXq0AqfMMcZAAFyjFcNvgmGIn8FB115e3JZ2sEEprY4_bMCn6hIQBEDUmZ8ACA.jpg', 1, 39),
        (40, '쫄면', 8000, '백종원도 인정한 그맛', 'https://i.namu.wiki/i/30cIGmFUmFPtP8m2Ypoh5idWM6IXBygc7dJjpYi3P8ZXhCnixw-aSx4u4qTBbWojL_J3UEH2bkiH7V90iNKSeeZyrXq0AqfMMcZAAFyjFcNvgmGIn8FB115e3JZ2sEEprY4_bMCn6hIQBEDUmZ8ACA.jpg', 1, 40),
        (41, '백반', 8000, '백종원도 인정한 그맛', 'https://i.namu.wiki/i/30cIGmFUmFPtP8m2Ypoh5idWM6IXBygc7dJjpYi3P8ZXhCnixw-aSx4u4qTBbWojL_J3UEH2bkiH7V90iNKSeeZyrXq0AqfMMcZAAFyjFcNvgmGIn8FB115e3JZ2sEEprY4_bMCn6hIQBEDUmZ8ACA.jpg', 1, 41),
        (42, '콩나물국밥', 8000, '백종원도 인정한 그맛', 'https://i.namu.wiki/i/30cIGmFUmFPtP8m2Ypoh5idWM6IXBygc7dJjpYi3P8ZXhCnixw-aSx4u4qTBbWojL_J3UEH2bkiH7V90iNKSeeZyrXq0AqfMMcZAAFyjFcNvgmGIn8FB115e3JZ2sEEprY4_bMCn6hIQBEDUmZ8ACA.jpg', 1, 42),
        (43, '청국장', 8000, '백종원도 인정한 그맛', 'https://i.namu.wiki/i/30cIGmFUmFPtP8m2Ypoh5idWM6IXBygc7dJjpYi3P8ZXhCnixw-aSx4u4qTBbWojL_J3UEH2bkiH7V90iNKSeeZyrXq0AqfMMcZAAFyjFcNvgmGIn8FB115e3JZ2sEEprY4_bMCn6hIQBEDUmZ8ACA.jpg', 1, 43),
        (44, '김치찌개', 8000, '백종원도 인정한 그맛', 'https://i.namu.wiki/i/30cIGmFUmFPtP8m2Ypoh5idWM6IXBygc7dJjpYi3P8ZXhCnixw-aSx4u4qTBbWojL_J3UEH2bkiH7V90iNKSeeZyrXq0AqfMMcZAAFyjFcNvgmGIn8FB115e3JZ2sEEprY4_bMCn6hIQBEDUmZ8ACA.jpg', 1, 44),
        (45, '손수제비', 7500, '백종원도 인정한 그맛', 'https://i.namu.wiki/i/30cIGmFUmFPtP8m2Ypoh5idWM6IXBygc7dJjpYi3P8ZXhCnixw-aSx4u4qTBbWojL_J3UEH2bkiH7V90iNKSeeZyrXq0AqfMMcZAAFyjFcNvgmGIn8FB115e3JZ2sEEprY4_bMCn6hIQBEDUmZ8ACA.jpg', 1, 45),
        (46, '짜장면', 7000, '백종원도 인정한 그맛', 'https://i.namu.wiki/i/G3CQ0pG84tvepCNRYlWC6k9U5-i8OeAfZ5DO928-uP8lHuh8QFZcCfULUSQbSE6PpK840-wZdZoiWG0sbQ5DuR_dTEwhpHYtdrngsPJWPiqXp9tt91JL8m_MkmsCZGRoKv9LE-_jasTHNJvHZNMFeg.webp', 1, 46),
        (47, '김치찌개', 7000, '백종원도 인정한 그맛', 'https://i.namu.wiki/i/30cIGmFUmFPtP8m2Ypoh5idWM6IXBygc7dJjpYi3P8ZXhCnixw-aSx4u4qTBbWojL_J3UEH2bkiH7V90iNKSeeZyrXq0AqfMMcZAAFyjFcNvgmGIn8FB115e3JZ2sEEprY4_bMCn6hIQBEDUmZ8ACA.jpg', 1, 47),
        (48, '칼국수', 7000, '백종원도 인정한 그맛', 'https://i.namu.wiki/i/30cIGmFUmFPtP8m2Ypoh5idWM6IXBygc7dJjpYi3P8ZXhCnixw-aSx4u4qTBbWojL_J3UEH2bkiH7V90iNKSeeZyrXq0AqfMMcZAAFyjFcNvgmGIn8FB115e3JZ2sEEprY4_bMCn6hIQBEDUmZ8ACA.jpg', 1, 48),
        (49, '칼국수', 7000, '백종원도 인정한 그맛', 'https://i.namu.wiki/i/30cIGmFUmFPtP8m2Ypoh5idWM6IXBygc7dJjpYi3P8ZXhCnixw-aSx4u4qTBbWojL_J3UEH2bkiH7V90iNKSeeZyrXq0AqfMMcZAAFyjFcNvgmGIn8FB115e3JZ2sEEprY4_bMCn6hIQBEDUmZ8ACA.jpg', 1, 49),
        (50, '칼국수', 7000, '백종원도 인정한 그맛', 'https://i.namu.wiki/i/30cIGmFUmFPtP8m2Ypoh5idWM6IXBygc7dJjpYi3P8ZXhCnixw-aSx4u4qTBbWojL_J3UEH2bkiH7V90iNKSeeZyrXq0AqfMMcZAAFyjFcNvgmGIn8FB115e3JZ2sEEprY4_bMCn6hIQBEDUmZ8ACA.jpg', 1, 50),
        (51, '칼국수', 7000, '백종원도 인정한 그맛', 'https://i.namu.wiki/i/30cIGmFUmFPtP8m2Ypoh5idWM6IXBygc7dJjpYi3P8ZXhCnixw-aSx4u4qTBbWojL_J3UEH2bkiH7V90iNKSeeZyrXq0AqfMMcZAAFyjFcNvgmGIn8FB115e3JZ2sEEprY4_bMCn6hIQBEDUmZ8ACA.jpg', 1, 51),
        (52, '칼국수', 7000, '백종원도 인정한 그맛', 'https://i.namu.wiki/i/30cIGmFUmFPtP8m2Ypoh5idWM6IXBygc7dJjpYi3P8ZXhCnixw-aSx4u4qTBbWojL_J3UEH2bkiH7V90iNKSeeZyrXq0AqfMMcZAAFyjFcNvgmGIn8FB115e3JZ2sEEprY4_bMCn6hIQBEDUmZ8ACA.jpg', 1, 52),
        (53, '짜장면', 7000, '백종원도 인정한 그맛', 'https://i.namu.wiki/i/G3CQ0pG84tvepCNRYlWC6k9U5-i8OeAfZ5DO928-uP8lHuh8QFZcCfULUSQbSE6PpK840-wZdZoiWG0sbQ5DuR_dTEwhpHYtdrngsPJWPiqXp9tt91JL8m_MkmsCZGRoKv9LE-_jasTHNJvHZNMFeg.webp', 1, 53),
        (54, '김치찌개', 7000, '백종원도 인정한 그맛', 'https://i.namu.wiki/i/30cIGmFUmFPtP8m2Ypoh5idWM6IXBygc7dJjpYi3P8ZXhCnixw-aSx4u4qTBbWojL_J3UEH2bkiH7V90iNKSeeZyrXq0AqfMMcZAAFyjFcNvgmGIn8FB115e3JZ2sEEprY4_bMCn6hIQBEDUmZ8ACA.jpg', 1, 54),
        (55, '짜장면', 7000, '백종원도 인정한 그맛', 'https://i.namu.wiki/i/G3CQ0pG84tvepCNRYlWC6k9U5-i8OeAfZ5DO928-uP8lHuh8QFZcCfULUSQbSE6PpK840-wZdZoiWG0sbQ5DuR_dTEwhpHYtdrngsPJWPiqXp9tt91JL8m_MkmsCZGRoKv9LE-_jasTHNJvHZNMFeg.webp', 1, 55),
        (56, '김치찌개', 7000, '백종원도 인정한 그맛', 'https://i.namu.wiki/i/30cIGmFUmFPtP8m2Ypoh5idWM6IXBygc7dJjpYi3P8ZXhCnixw-aSx4u4qTBbWojL_J3UEH2bkiH7V90iNKSeeZyrXq0AqfMMcZAAFyjFcNvgmGIn8FB115e3JZ2sEEprY4_bMCn6hIQBEDUmZ8ACA.jpg', 1, 56),
        (57, '김치찌개', 7000, '백종원도 인정한 그맛', 'https://i.namu.wiki/i/30cIGmFUmFPtP8m2Ypoh5idWM6IXBygc7dJjpYi3P8ZXhCnixw-aSx4u4qTBbWojL_J3UEH2bkiH7V90iNKSeeZyrXq0AqfMMcZAAFyjFcNvgmGIn8FB115e3JZ2sEEprY4_bMCn6hIQBEDUmZ8ACA.jpg', 1, 57),
        (58, '손수제비', 7000, '백종원도 인정한 그맛', 'https://i.namu.wiki/i/30cIGmFUmFPtP8m2Ypoh5idWM6IXBygc7dJjpYi3P8ZXhCnixw-aSx4u4qTBbWojL_J3UEH2bkiH7V90iNKSeeZyrXq0AqfMMcZAAFyjFcNvgmGIn8FB115e3JZ2sEEprY4_bMCn6hIQBEDUmZ8ACA.jpg', 1, 58),
        (59, '청국장', 7000, '백종원도 인정한 그맛', 'https://i.namu.wiki/i/30cIGmFUmFPtP8m2Ypoh5idWM6IXBygc7dJjpYi3P8ZXhCnixw-aSx4u4qTBbWojL_J3UEH2bkiH7V90iNKSeeZyrXq0AqfMMcZAAFyjFcNvgmGIn8FB115e3JZ2sEEprY4_bMCn6hIQBEDUmZ8ACA.jpg', 1, 59),
        (60, '된장찌개', 7000, '백종원도 인정한 그맛', 'https://i.namu.wiki/i/30cIGmFUmFPtP8m2Ypoh5idWM6IXBygc7dJjpYi3P8ZXhCnixw-aSx4u4qTBbWojL_J3UEH2bkiH7V90iNKSeeZyrXq0AqfMMcZAAFyjFcNvgmGIn8FB115e3JZ2sEEprY4_bMCn6hIQBEDUmZ8ACA.jpg', 1, 60),
        (61, '김치찌개', 7000, '백종원도 인정한 그맛', 'https://i.namu.wiki/i/30cIGmFUmFPtP8m2Ypoh5idWM6IXBygc7dJjpYi3P8ZXhCnixw-aSx4u4qTBbWojL_J3UEH2bkiH7V90iNKSeeZyrXq0AqfMMcZAAFyjFcNvgmGIn8FB115e3JZ2sEEprY4_bMCn6hIQBEDUmZ8ACA.jpg', 1, 61),
        (62, '김치찌개', 7000, '백종원도 인정한 그맛', 'https://i.namu.wiki/i/30cIGmFUmFPtP8m2Ypoh5idWM6IXBygc7dJjpYi3P8ZXhCnixw-aSx4u4qTBbWojL_J3UEH2bkiH7V90iNKSeeZyrXq0AqfMMcZAAFyjFcNvgmGIn8FB115e3JZ2sEEprY4_bMCn6hIQBEDUmZ8ACA.jpg', 1, 62),
        (63, '점심백반', 7000, '백종원도 인정한 그맛', 'https://i.namu.wiki/i/30cIGmFUmFPtP8m2Ypoh5idWM6IXBygc7dJjpYi3P8ZXhCnixw-aSx4u4qTBbWojL_J3UEH2bkiH7V90iNKSeeZyrXq0AqfMMcZAAFyjFcNvgmGIn8FB115e3JZ2sEEprY4_bMCn6hIQBEDUmZ8ACA.jpg', 1, 63),
        (64, '된장찌개', 7000, '백종원도 인정한 그맛', 'https://i.namu.wiki/i/30cIGmFUmFPtP8m2Ypoh5idWM6IXBygc7dJjpYi3P8ZXhCnixw-aSx4u4qTBbWojL_J3UEH2bkiH7V90iNKSeeZyrXq0AqfMMcZAAFyjFcNvgmGIn8FB115e3JZ2sEEprY4_bMCn6hIQBEDUmZ8ACA.jpg', 1, 64),
        (65, '자장면', 7000, '백종원도 인정한 그맛', 'https://i.namu.wiki/i/G3CQ0pG84tvepCNRYlWC6k9U5-i8OeAfZ5DO928-uP8lHuh8QFZcCfULUSQbSE6PpK840-wZdZoiWG0sbQ5DuR_dTEwhpHYtdrngsPJWPiqXp9tt91JL8m_MkmsCZGRoKv9LE-_jasTHNJvHZNMFeg.webp', 1, 65),
        (66, '칼국수', 7000, '백종원도 인정한 그맛', 'https://i.namu.wiki/i/30cIGmFUmFPtP8m2Ypoh5idWM6IXBygc7dJjpYi3P8ZXhCnixw-aSx4u4qTBbWojL_J3UEH2bkiH7V90iNKSeeZyrXq0AqfMMcZAAFyjFcNvgmGIn8FB115e3JZ2sEEprY4_bMCn6hIQBEDUmZ8ACA.jpg', 1, 66),
        (67, '보리밥', 7000, '백종원도 인정한 그맛', 'https://i.namu.wiki/i/30cIGmFUmFPtP8m2Ypoh5idWM6IXBygc7dJjpYi3P8ZXhCnixw-aSx4u4qTBbWojL_J3UEH2bkiH7V90iNKSeeZyrXq0AqfMMcZAAFyjFcNvgmGIn8FB115e3JZ2sEEprY4_bMCn6hIQBEDUmZ8ACA.jpg', 1, 67),
        (68, '된장찌개', 7000, '백종원도 인정한 그맛', 'https://i.namu.wiki/i/30cIGmFUmFPtP8m2Ypoh5idWM6IXBygc7dJjpYi3P8ZXhCnixw-aSx4u4qTBbWojL_J3UEH2bkiH7V90iNKSeeZyrXq0AqfMMcZAAFyjFcNvgmGIn8FB115e3JZ2sEEprY4_bMCn6hIQBEDUmZ8ACA.jpg', 1, 68),
        (69, '가정식백반', 7000, '백종원도 인정한 그맛', 'https://i.namu.wiki/i/30cIGmFUmFPtP8m2Ypoh5idWM6IXBygc7dJjpYi3P8ZXhCnixw-aSx4u4qTBbWojL_J3UEH2bkiH7V90iNKSeeZyrXq0AqfMMcZAAFyjFcNvgmGIn8FB115e3JZ2sEEprY4_bMCn6hIQBEDUmZ8ACA.jpg', 1, 69),
        (70, '대구탕.지리', 7000, '백종원도 인정한 그맛', 'https://i.namu.wiki/i/30cIGmFUmFPtP8m2Ypoh5idWM6IXBygc7dJjpYi3P8ZXhCnixw-aSx4u4qTBbWojL_J3UEH2bkiH7V90iNKSeeZyrXq0AqfMMcZAAFyjFcNvgmGIn8FB115e3JZ2sEEprY4_bMCn6hIQBEDUmZ8ACA.jpg', 1, 70),
        (71, '진국수(사골육수', 7000, '백종원도 인정한 그맛', 'https://i.namu.wiki/i/30cIGmFUmFPtP8m2Ypoh5idWM6IXBygc7dJjpYi3P8ZXhCnixw-aSx4u4qTBbWojL_J3UEH2bkiH7V90iNKSeeZyrXq0AqfMMcZAAFyjFcNvgmGIn8FB115e3JZ2sEEprY4_bMCn6hIQBEDUmZ8ACA.jpg', 1, 71),
        (72, '돈까스', 7000, '백종원도 인정한 그맛', 'https://i.namu.wiki/i/nqefwbTr99m-MwjLwZNM1HHV-5FM6Fp8m5UhT_Yoj7LYygkxvJ2a5flqTCeN9efPuuWF2P1qLthG6YC3bsR_-Mt_-KWV0FVVlrY3HjGmpyxIrSxkK0iwhWIFdOQVR7IjrO5JlsGTkZnhwZesL3jxGw.webp', 1, 72),
        (73, '목살김치찌개', 7000, '백종원도 인정한 그맛', 'https://i.namu.wiki/i/30cIGmFUmFPtP8m2Ypoh5idWM6IXBygc7dJjpYi3P8ZXhCnixw-aSx4u4qTBbWojL_J3UEH2bkiH7V90iNKSeeZyrXq0AqfMMcZAAFyjFcNvgmGIn8FB115e3JZ2sEEprY4_bMCn6hIQBEDUmZ8ACA.jpg', 1, 73),
        (74, '카레', 7000, '백종원도 인정한 그맛', 'https://i.namu.wiki/i/pyK7dKzqwEe-1ZdGESPyVnxhxRM9vBwFdD_-ZuV2YWmRWpvxLU-EMhJZ2lXbgCn9xZtdse9nxKtmXebrb0UWlaWXbf-PDp0EFCJEp7-alWCAP_Mdq4zsPpCpWCPeJYx1PhyHb_KGizSxhlucs8uWug.webp', 1, 74),
        (75, '손짜장', 7000, '백종원도 인정한 그맛', 'https://i.namu.wiki/i/G3CQ0pG84tvepCNRYlWC6k9U5-i8OeAfZ5DO928-uP8lHuh8QFZcCfULUSQbSE6PpK840-wZdZoiWG0sbQ5DuR_dTEwhpHYtdrngsPJWPiqXp9tt91JL8m_MkmsCZGRoKv9LE-_jasTHNJvHZNMFeg.webp', 1, 75),
        (76, '닭칼국수', 7000, '백종원도 인정한 그맛', 'https://i.namu.wiki/i/30cIGmFUmFPtP8m2Ypoh5idWM6IXBygc7dJjpYi3P8ZXhCnixw-aSx4u4qTBbWojL_J3UEH2bkiH7V90iNKSeeZyrXq0AqfMMcZAAFyjFcNvgmGIn8FB115e3JZ2sEEprY4_bMCn6hIQBEDUmZ8ACA.jpg', 1, 76),
        (77, '손칼국수', 7000, '백종원도 인정한 그맛', 'https://i.namu.wiki/i/30cIGmFUmFPtP8m2Ypoh5idWM6IXBygc7dJjpYi3P8ZXhCnixw-aSx4u4qTBbWojL_J3UEH2bkiH7V90iNKSeeZyrXq0AqfMMcZAAFyjFcNvgmGIn8FB115e3JZ2sEEprY4_bMCn6hIQBEDUmZ8ACA.jpg', 1, 77),
        (78, '김치찌개', 7000, '백종원도 인정한 그맛', 'https://i.namu.wiki/i/30cIGmFUmFPtP8m2Ypoh5idWM6IXBygc7dJjpYi3P8ZXhCnixw-aSx4u4qTBbWojL_J3UEH2bkiH7V90iNKSeeZyrXq0AqfMMcZAAFyjFcNvgmGIn8FB115e3JZ2sEEprY4_bMCn6hIQBEDUmZ8ACA.jpg', 1, 78),
        (79, '김치찌개', 7000, '백종원도 인정한 그맛', 'https://i.namu.wiki/i/30cIGmFUmFPtP8m2Ypoh5idWM6IXBygc7dJjpYi3P8ZXhCnixw-aSx4u4qTBbWojL_J3UEH2bkiH7V90iNKSeeZyrXq0AqfMMcZAAFyjFcNvgmGIn8FB115e3JZ2sEEprY4_bMCn6hIQBEDUmZ8ACA.jpg', 1, 79),
        (80, '김치찌개', 7000, '백종원도 인정한 그맛', 'https://i.namu.wiki/i/30cIGmFUmFPtP8m2Ypoh5idWM6IXBygc7dJjpYi3P8ZXhCnixw-aSx4u4qTBbWojL_J3UEH2bkiH7V90iNKSeeZyrXq0AqfMMcZAAFyjFcNvgmGIn8FB115e3JZ2sEEprY4_bMCn6hIQBEDUmZ8ACA.jpg', 1, 80),
        (81, '짜장면', 6500, '백종원도 인정한 그맛', 'https://i.namu.wiki/i/G3CQ0pG84tvepCNRYlWC6k9U5-i8OeAfZ5DO928-uP8lHuh8QFZcCfULUSQbSE6PpK840-wZdZoiWG0sbQ5DuR_dTEwhpHYtdrngsPJWPiqXp9tt91JL8m_MkmsCZGRoKv9LE-_jasTHNJvHZNMFeg.webp', 1, 81),
        (82, '짜장면', 6500, '백종원도 인정한 그맛', 'https://i.namu.wiki/i/G3CQ0pG84tvepCNRYlWC6k9U5-i8OeAfZ5DO928-uP8lHuh8QFZcCfULUSQbSE6PpK840-wZdZoiWG0sbQ5DuR_dTEwhpHYtdrngsPJWPiqXp9tt91JL8m_MkmsCZGRoKv9LE-_jasTHNJvHZNMFeg.webp', 1, 82),
        (83, '짜장면', 6500, '백종원도 인정한 그맛', 'https://i.namu.wiki/i/G3CQ0pG84tvepCNRYlWC6k9U5-i8OeAfZ5DO928-uP8lHuh8QFZcCfULUSQbSE6PpK840-wZdZoiWG0sbQ5DuR_dTEwhpHYtdrngsPJWPiqXp9tt91JL8m_MkmsCZGRoKv9LE-_jasTHNJvHZNMFeg.webp', 1, 83),
        (84, '김치찌개', 6500, '백종원도 인정한 그맛', 'https://i.namu.wiki/i/30cIGmFUmFPtP8m2Ypoh5idWM6IXBygc7dJjpYi3P8ZXhCnixw-aSx4u4qTBbWojL_J3UEH2bkiH7V90iNKSeeZyrXq0AqfMMcZAAFyjFcNvgmGIn8FB115e3JZ2sEEprY4_bMCn6hIQBEDUmZ8ACA.jpg', 1, 84),
        (85, '키즈네 우동', 6500, '백종원도 인정한 그맛', 'https://i.namu.wiki/i/pyK7dKzqwEe-1ZdGESPyVnxhxRM9vBwFdD_-ZuV2YWmRWpvxLU-EMhJZ2lXbgCn9xZtdse9nxKtmXebrb0UWlaWXbf-PDp0EFCJEp7-alWCAP_Mdq4zsPpCpWCPeJYx1PhyHb_KGizSxhlucs8uWug.webp', 1, 85),
        (86, '비빔밥', 6500, '백종원도 인정한 그맛', 'https://i.namu.wiki/i/30cIGmFUmFPtP8m2Ypoh5idWM6IXBygc7dJjpYi3P8ZXhCnixw-aSx4u4qTBbWojL_J3UEH2bkiH7V90iNKSeeZyrXq0AqfMMcZAAFyjFcNvgmGIn8FB115e3JZ2sEEprY4_bMCn6hIQBEDUmZ8ACA.jpg', 1, 86),
        (87, '하하우동', 6500, '백종원도 인정한 그맛', 'https://i.namu.wiki/i/pyK7dKzqwEe-1ZdGESPyVnxhxRM9vBwFdD_-ZuV2YWmRWpvxLU-EMhJZ2lXbgCn9xZtdse9nxKtmXebrb0UWlaWXbf-PDp0EFCJEp7-alWCAP_Mdq4zsPpCpWCPeJYx1PhyHb_KGizSxhlucs8uWug.webp', 1, 87),
        (88, '제육덮밥', 6500, '백종원도 인정한 그맛', 'https://i.namu.wiki/i/30cIGmFUmFPtP8m2Ypoh5idWM6IXBygc7dJjpYi3P8ZXhCnixw-aSx4u4qTBbWojL_J3UEH2bkiH7V90iNKSeeZyrXq0AqfMMcZAAFyjFcNvgmGIn8FB115e3JZ2sEEprY4_bMCn6hIQBEDUmZ8ACA.jpg', 1, 88),
        (89, '짜장면', 6000, '백종원도 인정한 그맛', 'https://i.namu.wiki/i/G3CQ0pG84tvepCNRYlWC6k9U5-i8OeAfZ5DO928-uP8lHuh8QFZcCfULUSQbSE6PpK840-wZdZoiWG0sbQ5DuR_dTEwhpHYtdrngsPJWPiqXp9tt91JL8m_MkmsCZGRoKv9LE-_jasTHNJvHZNMFeg.webp', 1, 89),
        (90, '김치찌개', 6000, '백종원도 인정한 그맛', 'https://i.namu.wiki/i/30cIGmFUmFPtP8m2Ypoh5idWM6IXBygc7dJjpYi3P8ZXhCnixw-aSx4u4qTBbWojL_J3UEH2bkiH7V90iNKSeeZyrXq0AqfMMcZAAFyjFcNvgmGIn8FB115e3JZ2sEEprY4_bMCn6hIQBEDUmZ8ACA.jpg', 1, 90),
        (91, '자장면', 6000, '백종원도 인정한 그맛', 'https://i.namu.wiki/i/G3CQ0pG84tvepCNRYlWC6k9U5-i8OeAfZ5DO928-uP8lHuh8QFZcCfULUSQbSE6PpK840-wZdZoiWG0sbQ5DuR_dTEwhpHYtdrngsPJWPiqXp9tt91JL8m_MkmsCZGRoKv9LE-_jasTHNJvHZNMFeg.webp', 1, 91),
        (92, '짬뽕', 6000, '백종원도 인정한 그맛', 'https://i.namu.wiki/i/G3CQ0pG84tvepCNRYlWC6k9U5-i8OeAfZ5DO928-uP8lHuh8QFZcCfULUSQbSE6PpK840-wZdZoiWG0sbQ5DuR_dTEwhpHYtdrngsPJWPiqXp9tt91JL8m_MkmsCZGRoKv9LE-_jasTHNJvHZNMFeg.webp', 1, 92),
        (93, '짜장면', 6000, '백종원도 인정한 그맛', 'https://i.namu.wiki/i/G3CQ0pG84tvepCNRYlWC6k9U5-i8OeAfZ5DO928-uP8lHuh8QFZcCfULUSQbSE6PpK840-wZdZoiWG0sbQ5DuR_dTEwhpHYtdrngsPJWPiqXp9tt91JL8m_MkmsCZGRoKv9LE-_jasTHNJvHZNMFeg.webp', 1, 93),
        (94, '짜장면', 6000, '백종원도 인정한 그맛', 'https://i.namu.wiki/i/G3CQ0pG84tvepCNRYlWC6k9U5-i8OeAfZ5DO928-uP8lHuh8QFZcCfULUSQbSE6PpK840-wZdZoiWG0sbQ5DuR_dTEwhpHYtdrngsPJWPiqXp9tt91JL8m_MkmsCZGRoKv9LE-_jasTHNJvHZNMFeg.webp', 1, 94),
        (95, '짜장면 ', 6000, '백종원도 인정한 그맛', 'https://i.namu.wiki/i/G3CQ0pG84tvepCNRYlWC6k9U5-i8OeAfZ5DO928-uP8lHuh8QFZcCfULUSQbSE6PpK840-wZdZoiWG0sbQ5DuR_dTEwhpHYtdrngsPJWPiqXp9tt91JL8m_MkmsCZGRoKv9LE-_jasTHNJvHZNMFeg.webp', 1, 95),
        (96, '콩나물비빔밥', 6000, '백종원도 인정한 그맛', 'https://i.namu.wiki/i/30cIGmFUmFPtP8m2Ypoh5idWM6IXBygc7dJjpYi3P8ZXhCnixw-aSx4u4qTBbWojL_J3UEH2bkiH7V90iNKSeeZyrXq0AqfMMcZAAFyjFcNvgmGIn8FB115e3JZ2sEEprY4_bMCn6hIQBEDUmZ8ACA.jpg', 1, 96),
        (97, '된장찌개', 6000, '백종원도 인정한 그맛', 'https://i.namu.wiki/i/30cIGmFUmFPtP8m2Ypoh5idWM6IXBygc7dJjpYi3P8ZXhCnixw-aSx4u4qTBbWojL_J3UEH2bkiH7V90iNKSeeZyrXq0AqfMMcZAAFyjFcNvgmGIn8FB115e3JZ2sEEprY4_bMCn6hIQBEDUmZ8ACA.jpg', 1, 97),
        (98, '점심백반', 6000, '백종원도 인정한 그맛', 'https://i.namu.wiki/i/30cIGmFUmFPtP8m2Ypoh5idWM6IXBygc7dJjpYi3P8ZXhCnixw-aSx4u4qTBbWojL_J3UEH2bkiH7V90iNKSeeZyrXq0AqfMMcZAAFyjFcNvgmGIn8FB115e3JZ2sEEprY4_bMCn6hIQBEDUmZ8ACA.jpg', 1, 98),
        (99, '어묵우동', 6000, '백종원도 인정한 그맛', 'https://i.namu.wiki/i/30cIGmFUmFPtP8m2Ypoh5idWM6IXBygc7dJjpYi3P8ZXhCnixw-aSx4u4qTBbWojL_J3UEH2bkiH7V90iNKSeeZyrXq0AqfMMcZAAFyjFcNvgmGIn8FB115e3JZ2sEEprY4_bMCn6hIQBEDUmZ8ACA.jpg', 1, 99),
        (100, '콩나물국밥', 6000, '백종원도 인정한 그맛', 'https://i.namu.wiki/i/30cIGmFUmFPtP8m2Ypoh5idWM6IXBygc7dJjpYi3P8ZXhCnixw-aSx4u4qTBbWojL_J3UEH2bkiH7V90iNKSeeZyrXq0AqfMMcZAAFyjFcNvgmGIn8FB115e3JZ2sEEprY4_bMCn6hIQBEDUmZ8ACA.jpg', 1, 100),
        (101, '김치볶음밥', 6000, '백종원도 인정한 그맛', 'https://i.namu.wiki/i/30cIGmFUmFPtP8m2Ypoh5idWM6IXBygc7dJjpYi3P8ZXhCnixw-aSx4u4qTBbWojL_J3UEH2bkiH7V90iNKSeeZyrXq0AqfMMcZAAFyjFcNvgmGIn8FB115e3JZ2sEEprY4_bMCn6hIQBEDUmZ8ACA.jpg', 1, 101),
        (102, '짜장면', 6000, '백종원도 인정한 그맛', 'https://i.namu.wiki/i/G3CQ0pG84tvepCNRYlWC6k9U5-i8OeAfZ5DO928-uP8lHuh8QFZcCfULUSQbSE6PpK840-wZdZoiWG0sbQ5DuR_dTEwhpHYtdrngsPJWPiqXp9tt91JL8m_MkmsCZGRoKv9LE-_jasTHNJvHZNMFeg.webp', 1, 102),
        (103, '잔치국수', 6000, '백종원도 인정한 그맛', 'https://i.namu.wiki/i/30cIGmFUmFPtP8m2Ypoh5idWM6IXBygc7dJjpYi3P8ZXhCnixw-aSx4u4qTBbWojL_J3UEH2bkiH7V90iNKSeeZyrXq0AqfMMcZAAFyjFcNvgmGIn8FB115e3JZ2sEEprY4_bMCn6hIQBEDUmZ8ACA.jpg', 1, 103),
        (104, '된장찌개', 5900, '백종원도 인정한 그맛', 'https://i.namu.wiki/i/30cIGmFUmFPtP8m2Ypoh5idWM6IXBygc7dJjpYi3P8ZXhCnixw-aSx4u4qTBbWojL_J3UEH2bkiH7V90iNKSeeZyrXq0AqfMMcZAAFyjFcNvgmGIn8FB115e3JZ2sEEprY4_bMCn6hIQBEDUmZ8ACA.jpg', 1, 104),
        (105, '짜장면', 5000, '백종원도 인정한 그맛', 'https://i.namu.wiki/i/G3CQ0pG84tvepCNRYlWC6k9U5-i8OeAfZ5DO928-uP8lHuh8QFZcCfULUSQbSE6PpK840-wZdZoiWG0sbQ5DuR_dTEwhpHYtdrngsPJWPiqXp9tt91JL8m_MkmsCZGRoKv9LE-_jasTHNJvHZNMFeg.webp', 1, 105),
        (106, '짜장면', 5000, '백종원도 인정한 그맛', 'https://i.namu.wiki/i/G3CQ0pG84tvepCNRYlWC6k9U5-i8OeAfZ5DO928-uP8lHuh8QFZcCfULUSQbSE6PpK840-wZdZoiWG0sbQ5DuR_dTEwhpHYtdrngsPJWPiqXp9tt91JL8m_MkmsCZGRoKv9LE-_jasTHNJvHZNMFeg.webp', 1, 106),
        (107, '손수제비', 5000, '백종원도 인정한 그맛', 'https://i.namu.wiki/i/30cIGmFUmFPtP8m2Ypoh5idWM6IXBygc7dJjpYi3P8ZXhCnixw-aSx4u4qTBbWojL_J3UEH2bkiH7V90iNKSeeZyrXq0AqfMMcZAAFyjFcNvgmGIn8FB115e3JZ2sEEprY4_bMCn6hIQBEDUmZ8ACA.jpg', 1, 107),
        (108, '마을국수', 5000, '백종원도 인정한 그맛', 'https://i.namu.wiki/i/30cIGmFUmFPtP8m2Ypoh5idWM6IXBygc7dJjpYi3P8ZXhCnixw-aSx4u4qTBbWojL_J3UEH2bkiH7V90iNKSeeZyrXq0AqfMMcZAAFyjFcNvgmGIn8FB115e3JZ2sEEprY4_bMCn6hIQBEDUmZ8ACA.jpg', 1, 108),
        (109, '잔치국수', 5000, '백종원도 인정한 그맛', 'https://i.namu.wiki/i/30cIGmFUmFPtP8m2Ypoh5idWM6IXBygc7dJjpYi3P8ZXhCnixw-aSx4u4qTBbWojL_J3UEH2bkiH7V90iNKSeeZyrXq0AqfMMcZAAFyjFcNvgmGIn8FB115e3JZ2sEEprY4_bMCn6hIQBEDUmZ8ACA.jpg', 1, 109),
        (110, '칼국수', 5000, '백종원도 인정한 그맛', 'https://i.namu.wiki/i/30cIGmFUmFPtP8m2Ypoh5idWM6IXBygc7dJjpYi3P8ZXhCnixw-aSx4u4qTBbWojL_J3UEH2bkiH7V90iNKSeeZyrXq0AqfMMcZAAFyjFcNvgmGIn8FB115e3JZ2sEEprY4_bMCn6hIQBEDUmZ8ACA.jpg', 1, 110),
        (111, '멸치국수', 5000, '백종원도 인정한 그맛', 'https://i.namu.wiki/i/30cIGmFUmFPtP8m2Ypoh5idWM6IXBygc7dJjpYi3P8ZXhCnixw-aSx4u4qTBbWojL_J3UEH2bkiH7V90iNKSeeZyrXq0AqfMMcZAAFyjFcNvgmGIn8FB115e3JZ2sEEprY4_bMCn6hIQBEDUmZ8ACA.jpg', 1, 111),
        (112, '고기왕만두', 5000, '백종원도 인정한 그맛', 'https://i.namu.wiki/i/30cIGmFUmFPtP8m2Ypoh5idWM6IXBygc7dJjpYi3P8ZXhCnixw-aSx4u4qTBbWojL_J3UEH2bkiH7V90iNKSeeZyrXq0AqfMMcZAAFyjFcNvgmGIn8FB115e3JZ2sEEprY4_bMCn6hIQBEDUmZ8ACA.jpg', 1, 112),
        (113, '라면', 4000, '백종원도 인정한 그맛', 'https://i.namu.wiki/i/30cIGmFUmFPtP8m2Ypoh5idWM6IXBygc7dJjpYi3P8ZXhCnixw-aSx4u4qTBbWojL_J3UEH2bkiH7V90iNKSeeZyrXq0AqfMMcZAAFyjFcNvgmGIn8FB115e3JZ2sEEprY4_bMCn6hIQBEDUmZ8ACA.jpg', 1, 113),
        (114, '떡국', 4000, '백종원도 인정한 그맛', 'https://i.namu.wiki/i/30cIGmFUmFPtP8m2Ypoh5idWM6IXBygc7dJjpYi3P8ZXhCnixw-aSx4u4qTBbWojL_J3UEH2bkiH7V90iNKSeeZyrXq0AqfMMcZAAFyjFcNvgmGIn8FB115e3JZ2sEEprY4_bMCn6hIQBEDUmZ8ACA.jpg', 1, 114),
        (115, '야채김밥', 3500, '백종원도 인정한 그맛', 'https://i.namu.wiki/i/30cIGmFUmFPtP8m2Ypoh5idWM6IXBygc7dJjpYi3P8ZXhCnixw-aSx4u4qTBbWojL_J3UEH2bkiH7V90iNKSeeZyrXq0AqfMMcZAAFyjFcNvgmGIn8FB115e3JZ2sEEprY4_bMCn6hIQBEDUmZ8ACA.jpg', 1, 115),
        (116, '김밥', 3500, '백종원도 인정한 그맛', 'https://i.namu.wiki/i/30cIGmFUmFPtP8m2Ypoh5idWM6IXBygc7dJjpYi3P8ZXhCnixw-aSx4u4qTBbWojL_J3UEH2bkiH7V90iNKSeeZyrXq0AqfMMcZAAFyjFcNvgmGIn8FB115e3JZ2sEEprY4_bMCn6hIQBEDUmZ8ACA.jpg', 1, 116),
        (117, '김밥', 3000, '백종원도 인정한 그맛', 'https://i.namu.wiki/i/30cIGmFUmFPtP8m2Ypoh5idWM6IXBygc7dJjpYi3P8ZXhCnixw-aSx4u4qTBbWojL_J3UEH2bkiH7V90iNKSeeZyrXq0AqfMMcZAAFyjFcNvgmGIn8FB115e3JZ2sEEprY4_bMCn6hIQBEDUmZ8ACA.jpg', 1, 117),
        (118, '충정로김밥', 2500, '백종원도 인정한 그맛', 'https://i.namu.wiki/i/30cIGmFUmFPtP8m2Ypoh5idWM6IXBygc7dJjpYi3P8ZXhCnixw-aSx4u4qTBbWojL_J3UEH2bkiH7V90iNKSeeZyrXq0AqfMMcZAAFyjFcNvgmGIn8FB115e3JZ2sEEprY4_bMCn6hIQBEDUmZ8ACA.jpg', 1, 118),
        (119, '야채김밥', 2500, '백종원도 인정한 그맛', 'https://i.namu.wiki/i/30cIGmFUmFPtP8m2Ypoh5idWM6IXBygc7dJjpYi3P8ZXhCnixw-aSx4u4qTBbWojL_J3UEH2bkiH7V90iNKSeeZyrXq0AqfMMcZAAFyjFcNvgmGIn8FB115e3JZ2sEEprY4_bMCn6hIQBEDUmZ8ACA.jpg', 1, 119),
        (120, '녹차', 2000, '백종원도 인정한 그맛', 'https://i.namu.wiki/i/30cIGmFUmFPtP8m2Ypoh5idWM6IXBygc7dJjpYi3P8ZXhCnixw-aSx4u4qTBbWojL_J3UEH2bkiH7V90iNKSeeZyrXq0AqfMMcZAAFyjFcNvgmGIn8FB115e3JZ2sEEprY4_bMCn6hIQBEDUmZ8ACA.jpg', 1, 120),
        (121, '차돌된장찌개', 8000, '백종원도 인정한 그맛', 'https://i.namu.wiki/i/30cIGmFUmFPtP8m2Ypoh5idWM6IXBygc7dJjpYi3P8ZXhCnixw-aSx4u4qTBbWojL_J3UEH2bkiH7V90iNKSeeZyrXq0AqfMMcZAAFyjFcNvgmGIn8FB115e3JZ2sEEprY4_bMCn6hIQBEDUmZ8ACA.jpg', 0, 21),
        (122, '바지락칼국수', 8000, '백종원도 인정한 그맛', 'https://i.namu.wiki/i/30cIGmFUmFPtP8m2Ypoh5idWM6IXBygc7dJjpYi3P8ZXhCnixw-aSx4u4qTBbWojL_J3UEH2bkiH7V90iNKSeeZyrXq0AqfMMcZAAFyjFcNvgmGIn8FB115e3JZ2sEEprY4_bMCn6hIQBEDUmZ8ACA.jpg', 0, 22),
        (123, '칼국수', 7000, '백종원도 인정한 그맛', 'https://i.namu.wiki/i/30cIGmFUmFPtP8m2Ypoh5idWM6IXBygc7dJjpYi3P8ZXhCnixw-aSx4u4qTBbWojL_J3UEH2bkiH7V90iNKSeeZyrXq0AqfMMcZAAFyjFcNvgmGIn8FB115e3JZ2sEEprY4_bMCn6hIQBEDUmZ8ACA.jpg', 0, 23),
        (124, '손수제비', 7000, '백종원도 인정한 그맛', 'https://i.namu.wiki/i/30cIGmFUmFPtP8m2Ypoh5idWM6IXBygc7dJjpYi3P8ZXhCnixw-aSx4u4qTBbWojL_J3UEH2bkiH7V90iNKSeeZyrXq0AqfMMcZAAFyjFcNvgmGIn8FB115e3JZ2sEEprY4_bMCn6hIQBEDUmZ8ACA.jpg', 0, 24),
        (125, '점심백반', 7000, '백종원도 인정한 그맛', 'https://i.namu.wiki/i/30cIGmFUmFPtP8m2Ypoh5idWM6IXBygc7dJjpYi3P8ZXhCnixw-aSx4u4qTBbWojL_J3UEH2bkiH7V90iNKSeeZyrXq0AqfMMcZAAFyjFcNvgmGIn8FB115e3JZ2sEEprY4_bMCn6hIQBEDUmZ8ACA.jpg', 0, 25),
        (126, '생삼겹살(200', 15000, '백종원도 인정한 그맛', 'https://i.namu.wiki/i/30cIGmFUmFPtP8m2Ypoh5idWM6IXBygc7dJjpYi3P8ZXhCnixw-aSx4u4qTBbWojL_J3UEH2bkiH7V90iNKSeeZyrXq0AqfMMcZAAFyjFcNvgmGIn8FB115e3JZ2sEEprY4_bMCn6hIQBEDUmZ8ACA.jpg', 0, 26),
        (127, '대구탕.지리', 7000, '백종원도 인정한 그맛', 'https://i.namu.wiki/i/30cIGmFUmFPtP8m2Ypoh5idWM6IXBygc7dJjpYi3P8ZXhCnixw-aSx4u4qTBbWojL_J3UEH2bkiH7V90iNKSeeZyrXq0AqfMMcZAAFyjFcNvgmGIn8FB115e3JZ2sEEprY4_bMCn6hIQBEDUmZ8ACA.jpg', 0, 27),
        (128, '어묵우동', 6000, '백종원도 인정한 그맛', 'https://i.namu.wiki/i/30cIGmFUmFPtP8m2Ypoh5idWM6IXBygc7dJjpYi3P8ZXhCnixw-aSx4u4qTBbWojL_J3UEH2bkiH7V90iNKSeeZyrXq0AqfMMcZAAFyjFcNvgmGIn8FB115e3JZ2sEEprY4_bMCn6hIQBEDUmZ8ACA.jpg', 0, 28),
        (129, '와규꽃등심(15', 25000, '백종원도 인정한 그맛', 'https://i.namu.wiki/i/30cIGmFUmFPtP8m2Ypoh5idWM6IXBygc7dJjpYi3P8ZXhCnixw-aSx4u4qTBbWojL_J3UEH2bkiH7V90iNKSeeZyrXq0AqfMMcZAAFyjFcNvgmGIn8FB115e3JZ2sEEprY4_bMCn6hIQBEDUmZ8ACA.jpg', 0, 29),
        (130, '김치찌개', 8000, '백종원도 인정한 그맛', 'https://i.namu.wiki/i/30cIGmFUmFPtP8m2Ypoh5idWM6IXBygc7dJjpYi3P8ZXhCnixw-aSx4u4qTBbWojL_J3UEH2bkiH7V90iNKSeeZyrXq0AqfMMcZAAFyjFcNvgmGIn8FB115e3JZ2sEEprY4_bMCn6hIQBEDUmZ8ACA.jpg', 0, 30),
        (131, '부대찌개', 9000, '백종원도 인정한 그맛', 'https://i.namu.wiki/i/30cIGmFUmFPtP8m2Ypoh5idWM6IXBygc7dJjpYi3P8ZXhCnixw-aSx4u4qTBbWojL_J3UEH2bkiH7V90iNKSeeZyrXq0AqfMMcZAAFyjFcNvgmGIn8FB115e3JZ2sEEprY4_bMCn6hIQBEDUmZ8ACA.jpg', 0, 31),
        (132, '시래기밥정식', 9000, '백종원도 인정한 그맛', 'https://i.namu.wiki/i/30cIGmFUmFPtP8m2Ypoh5idWM6IXBygc7dJjpYi3P8ZXhCnixw-aSx4u4qTBbWojL_J3UEH2bkiH7V90iNKSeeZyrXq0AqfMMcZAAFyjFcNvgmGIn8FB115e3JZ2sEEprY4_bMCn6hIQBEDUmZ8ACA.jpg', 0, 32),
        (133, '목살김치찌개', 7000, '백종원도 인정한 그맛', 'https://i.namu.wiki/i/30cIGmFUmFPtP8m2Ypoh5idWM6IXBygc7dJjpYi3P8ZXhCnixw-aSx4u4qTBbWojL_J3UEH2bkiH7V90iNKSeeZyrXq0AqfMMcZAAFyjFcNvgmGIn8FB115e3JZ2sEEprY4_bMCn6hIQBEDUmZ8ACA.jpg', 0, 33),
        (134, '한우생등심(20', 40000, '백종원도 인정한 그맛', 'https://i.namu.wiki/i/30cIGmFUmFPtP8m2Ypoh5idWM6IXBygc7dJjpYi3P8ZXhCnixw-aSx4u4qTBbWojL_J3UEH2bkiH7V90iNKSeeZyrXq0AqfMMcZAAFyjFcNvgmGIn8FB115e3JZ2sEEprY4_bMCn6hIQBEDUmZ8ACA.jpg', 0, 34),
        (135, '김치볶음밥', 6000, '백종원도 인정한 그맛', 'https://i.namu.wiki/i/30cIGmFUmFPtP8m2Ypoh5idWM6IXBygc7dJjpYi3P8ZXhCnixw-aSx4u4qTBbWojL_J3UEH2bkiH7V90iNKSeeZyrXq0AqfMMcZAAFyjFcNvgmGIn8FB115e3JZ2sEEprY4_bMCn6hIQBEDUmZ8ACA.jpg', 0, 35),
        (136, '김치돌솥밥', 8500, '백종원도 인정한 그맛', 'https://i.namu.wiki/i/30cIGmFUmFPtP8m2Ypoh5idWM6IXBygc7dJjpYi3P8ZXhCnixw-aSx4u4qTBbWojL_J3UEH2bkiH7V90iNKSeeZyrXq0AqfMMcZAAFyjFcNvgmGIn8FB115e3JZ2sEEprY4_bMCn6hIQBEDUmZ8ACA.jpg', 0, 36),
        (137, '고기왕만두', 5000, '백종원도 인정한 그맛', 'https://i.namu.wiki/i/30cIGmFUmFPtP8m2Ypoh5idWM6IXBygc7dJjpYi3P8ZXhCnixw-aSx4u4qTBbWojL_J3UEH2bkiH7V90iNKSeeZyrXq0AqfMMcZAAFyjFcNvgmGIn8FB115e3JZ2sEEprY4_bMCn6hIQBEDUmZ8ACA.jpg', 0, 37),
        (138, '닭도리뚝배기', 9000, '백종원도 인정한 그맛', 'https://i.namu.wiki/i/30cIGmFUmFPtP8m2Ypoh5idWM6IXBygc7dJjpYi3P8ZXhCnixw-aSx4u4qTBbWojL_J3UEH2bkiH7V90iNKSeeZyrXq0AqfMMcZAAFyjFcNvgmGIn8FB115e3JZ2sEEprY4_bMCn6hIQBEDUmZ8ACA.jpg', 0, 38),
        (139, '김밥', 3000, '백종원도 인정한 그맛', 'https://i.namu.wiki/i/30cIGmFUmFPtP8m2Ypoh5idWM6IXBygc7dJjpYi3P8ZXhCnixw-aSx4u4qTBbWojL_J3UEH2bkiH7V90iNKSeeZyrXq0AqfMMcZAAFyjFcNvgmGIn8FB115e3JZ2sEEprY4_bMCn6hIQBEDUmZ8ACA.jpg', 0, 39),
        (140, '닭칼국수', 7000, '백종원도 인정한 그맛', 'https://i.namu.wiki/i/30cIGmFUmFPtP8m2Ypoh5idWM6IXBygc7dJjpYi3P8ZXhCnixw-aSx4u4qTBbWojL_J3UEH2bkiH7V90iNKSeeZyrXq0AqfMMcZAAFyjFcNvgmGIn8FB115e3JZ2sEEprY4_bMCn6hIQBEDUmZ8ACA.jpg', 0, 40),
        (141, '짜장면', 6000, '백종원도 인정한 그맛', 'https://i.namu.wiki/i/30cIGmFUmFPtP8m2Ypoh5idWM6IXBygc7dJjpYi3P8ZXhCnixw-aSx4u4qTBbWojL_J3UEH2bkiH7V90iNKSeeZyrXq0AqfMMcZAAFyjFcNvgmGIn8FB115e3JZ2sEEprY4_bMCn6hIQBEDUmZ8ACA.jpg', 0, 41),
        (142, '한우알아서(20', 43000, '백종원도 인정한 그맛', 'https://i.namu.wiki/i/30cIGmFUmFPtP8m2Ypoh5idWM6IXBygc7dJjpYi3P8ZXhCnixw-aSx4u4qTBbWojL_J3UEH2bkiH7V90iNKSeeZyrXq0AqfMMcZAAFyjFcNvgmGIn8FB115e3JZ2sEEprY4_bMCn6hIQBEDUmZ8ACA.jpg', 0, 42),
        (143, '김치찌개', 7000, '백종원도 인정한 그맛', 'https://i.namu.wiki/i/30cIGmFUmFPtP8m2Ypoh5idWM6IXBygc7dJjpYi3P8ZXhCnixw-aSx4u4qTBbWojL_J3UEH2bkiH7V90iNKSeeZyrXq0AqfMMcZAAFyjFcNvgmGIn8FB115e3JZ2sEEprY4_bMCn6hIQBEDUmZ8ACA.jpg', 0, 43),
        (144, '참치김치찌개', 9000, '백종원도 인정한 그맛', 'https://i.namu.wiki/i/30cIGmFUmFPtP8m2Ypoh5idWM6IXBygc7dJjpYi3P8ZXhCnixw-aSx4u4qTBbWojL_J3UEH2bkiH7V90iNKSeeZyrXq0AqfMMcZAAFyjFcNvgmGIn8FB115e3JZ2sEEprY4_bMCn6hIQBEDUmZ8ACA.jpg', 0, 44),
        (145, '묵은지고등어조림', 9000, '백종원도 인정한 그맛', 'https://i.namu.wiki/i/30cIGmFUmFPtP8m2Ypoh5idWM6IXBygc7dJjpYi3P8ZXhCnixw-aSx4u4qTBbWojL_J3UEH2bkiH7V90iNKSeeZyrXq0AqfMMcZAAFyjFcNvgmGIn8FB115e3JZ2sEEprY4_bMCn6hIQBEDUmZ8ACA.jpg', 0, 45),
        (146, '갈비탕', 13000, '백종원도 인정한 그맛', 'https://i.namu.wiki/i/G3CQ0pG84tvepCNRYlWC6k9U5-i8OeAfZ5DO928-uP8lHuh8QFZcCfULUSQbSE6PpK840-wZdZoiWG0sbQ5DuR_dTEwhpHYtdrngsPJWPiqXp9tt91JL8m_MkmsCZGRoKv9LE-_jasTHNJvHZNMFeg.webp', 0, 46),
        (147, '라면', 4000, '백종원도 인정한 그맛', 'https://i.namu.wiki/i/30cIGmFUmFPtP8m2Ypoh5idWM6IXBygc7dJjpYi3P8ZXhCnixw-aSx4u4qTBbWojL_J3UEH2bkiH7V90iNKSeeZyrXq0AqfMMcZAAFyjFcNvgmGIn8FB115e3JZ2sEEprY4_bMCn6hIQBEDUmZ8ACA.jpg', 0, 47),
        (148, '짜장면', 6000, '백종원도 인정한 그맛', 'https://i.namu.wiki/i/30cIGmFUmFPtP8m2Ypoh5idWM6IXBygc7dJjpYi3P8ZXhCnixw-aSx4u4qTBbWojL_J3UEH2bkiH7V90iNKSeeZyrXq0AqfMMcZAAFyjFcNvgmGIn8FB115e3JZ2sEEprY4_bMCn6hIQBEDUmZ8ACA.jpg', 0, 48),
        (149, '돼지갈비', 17000, '백종원도 인정한 그맛', 'https://i.namu.wiki/i/30cIGmFUmFPtP8m2Ypoh5idWM6IXBygc7dJjpYi3P8ZXhCnixw-aSx4u4qTBbWojL_J3UEH2bkiH7V90iNKSeeZyrXq0AqfMMcZAAFyjFcNvgmGIn8FB115e3JZ2sEEprY4_bMCn6hIQBEDUmZ8ACA.jpg', 0, 49),
        (150, '칼국수', 7000, '백종원도 인정한 그맛', 'https://i.namu.wiki/i/30cIGmFUmFPtP8m2Ypoh5idWM6IXBygc7dJjpYi3P8ZXhCnixw-aSx4u4qTBbWojL_J3UEH2bkiH7V90iNKSeeZyrXq0AqfMMcZAAFyjFcNvgmGIn8FB115e3JZ2sEEprY4_bMCn6hIQBEDUmZ8ACA.jpg', 0, 50),
        (151, '삼겹살', 15000, '백종원도 인정한 그맛', 'https://i.namu.wiki/i/30cIGmFUmFPtP8m2Ypoh5idWM6IXBygc7dJjpYi3P8ZXhCnixw-aSx4u4qTBbWojL_J3UEH2bkiH7V90iNKSeeZyrXq0AqfMMcZAAFyjFcNvgmGIn8FB115e3JZ2sEEprY4_bMCn6hIQBEDUmZ8ACA.jpg', 0, 51),
        (152, '삼계탕', 15000, '백종원도 인정한 그맛', 'https://i.namu.wiki/i/30cIGmFUmFPtP8m2Ypoh5idWM6IXBygc7dJjpYi3P8ZXhCnixw-aSx4u4qTBbWojL_J3UEH2bkiH7V90iNKSeeZyrXq0AqfMMcZAAFyjFcNvgmGIn8FB115e3JZ2sEEprY4_bMCn6hIQBEDUmZ8ACA.jpg', 0, 52),
        (153, '김치찌개', 7000, '백종원도 인정한 그맛', 'https://i.namu.wiki/i/G3CQ0pG84tvepCNRYlWC6k9U5-i8OeAfZ5DO928-uP8lHuh8QFZcCfULUSQbSE6PpK840-wZdZoiWG0sbQ5DuR_dTEwhpHYtdrngsPJWPiqXp9tt91JL8m_MkmsCZGRoKv9LE-_jasTHNJvHZNMFeg.webp', 0, 53),
        (154, '초밥', 16000, '백종원도 인정한 그맛', 'https://i.namu.wiki/i/30cIGmFUmFPtP8m2Ypoh5idWM6IXBygc7dJjpYi3P8ZXhCnixw-aSx4u4qTBbWojL_J3UEH2bkiH7V90iNKSeeZyrXq0AqfMMcZAAFyjFcNvgmGIn8FB115e3JZ2sEEprY4_bMCn6hIQBEDUmZ8ACA.jpg', 0, 54),
        (155, '김치찌개', 7000, '백종원도 인정한 그맛', 'https://i.namu.wiki/i/G3CQ0pG84tvepCNRYlWC6k9U5-i8OeAfZ5DO928-uP8lHuh8QFZcCfULUSQbSE6PpK840-wZdZoiWG0sbQ5DuR_dTEwhpHYtdrngsPJWPiqXp9tt91JL8m_MkmsCZGRoKv9LE-_jasTHNJvHZNMFeg.webp', 0, 55),
        (156, '짬뽕', 6000, '백종원도 인정한 그맛', 'https://i.namu.wiki/i/30cIGmFUmFPtP8m2Ypoh5idWM6IXBygc7dJjpYi3P8ZXhCnixw-aSx4u4qTBbWojL_J3UEH2bkiH7V90iNKSeeZyrXq0AqfMMcZAAFyjFcNvgmGIn8FB115e3JZ2sEEprY4_bMCn6hIQBEDUmZ8ACA.jpg', 0, 56),
        (157, '돼지갈비', 14000, '백종원도 인정한 그맛', 'https://i.namu.wiki/i/30cIGmFUmFPtP8m2Ypoh5idWM6IXBygc7dJjpYi3P8ZXhCnixw-aSx4u4qTBbWojL_J3UEH2bkiH7V90iNKSeeZyrXq0AqfMMcZAAFyjFcNvgmGIn8FB115e3JZ2sEEprY4_bMCn6hIQBEDUmZ8ACA.jpg', 0, 57),
        (158, '청국장', 7000, '백종원도 인정한 그맛', 'https://i.namu.wiki/i/30cIGmFUmFPtP8m2Ypoh5idWM6IXBygc7dJjpYi3P8ZXhCnixw-aSx4u4qTBbWojL_J3UEH2bkiH7V90iNKSeeZyrXq0AqfMMcZAAFyjFcNvgmGIn8FB115e3JZ2sEEprY4_bMCn6hIQBEDUmZ8ACA.jpg', 0, 58),
        (159, '짜장면 ', 6000, '백종원도 인정한 그맛', 'https://i.namu.wiki/i/30cIGmFUmFPtP8m2Ypoh5idWM6IXBygc7dJjpYi3P8ZXhCnixw-aSx4u4qTBbWojL_J3UEH2bkiH7V90iNKSeeZyrXq0AqfMMcZAAFyjFcNvgmGIn8FB115e3JZ2sEEprY4_bMCn6hIQBEDUmZ8ACA.jpg', 0, 59),
        (160, '불고기백반', 10000, '백종원도 인정한 그맛', 'https://i.namu.wiki/i/30cIGmFUmFPtP8m2Ypoh5idWM6IXBygc7dJjpYi3P8ZXhCnixw-aSx4u4qTBbWojL_J3UEH2bkiH7V90iNKSeeZyrXq0AqfMMcZAAFyjFcNvgmGIn8FB115e3JZ2sEEprY4_bMCn6hIQBEDUmZ8ACA.jpg', 0, 60),
        (161, '김치찌개', 7000, '백종원도 인정한 그맛', 'https://i.namu.wiki/i/30cIGmFUmFPtP8m2Ypoh5idWM6IXBygc7dJjpYi3P8ZXhCnixw-aSx4u4qTBbWojL_J3UEH2bkiH7V90iNKSeeZyrXq0AqfMMcZAAFyjFcNvgmGIn8FB115e3JZ2sEEprY4_bMCn6hIQBEDUmZ8ACA.jpg', 0, 61),
        (162, '한우 등심구이(', 45000, '백종원도 인정한 그맛', 'https://i.namu.wiki/i/30cIGmFUmFPtP8m2Ypoh5idWM6IXBygc7dJjpYi3P8ZXhCnixw-aSx4u4qTBbWojL_J3UEH2bkiH7V90iNKSeeZyrXq0AqfMMcZAAFyjFcNvgmGIn8FB115e3JZ2sEEprY4_bMCn6hIQBEDUmZ8ACA.jpg', 0, 62),
        (163, '모듬돌솥비빔밥', 10000, '백종원도 인정한 그맛', 'https://i.namu.wiki/i/30cIGmFUmFPtP8m2Ypoh5idWM6IXBygc7dJjpYi3P8ZXhCnixw-aSx4u4qTBbWojL_J3UEH2bkiH7V90iNKSeeZyrXq0AqfMMcZAAFyjFcNvgmGIn8FB115e3JZ2sEEprY4_bMCn6hIQBEDUmZ8ACA.jpg', 0, 63),
        (164, '자장면', 7000, '백종원도 인정한 그맛', 'https://i.namu.wiki/i/30cIGmFUmFPtP8m2Ypoh5idWM6IXBygc7dJjpYi3P8ZXhCnixw-aSx4u4qTBbWojL_J3UEH2bkiH7V90iNKSeeZyrXq0AqfMMcZAAFyjFcNvgmGIn8FB115e3JZ2sEEprY4_bMCn6hIQBEDUmZ8ACA.jpg', 0, 64),
        (165, '김밥', 3500, '백종원도 인정한 그맛', 'https://i.namu.wiki/i/G3CQ0pG84tvepCNRYlWC6k9U5-i8OeAfZ5DO928-uP8lHuh8QFZcCfULUSQbSE6PpK840-wZdZoiWG0sbQ5DuR_dTEwhpHYtdrngsPJWPiqXp9tt91JL8m_MkmsCZGRoKv9LE-_jasTHNJvHZNMFeg.webp', 0, 65),
        (166, '콩나물비빔밥', 6000, '백종원도 인정한 그맛', 'https://i.namu.wiki/i/30cIGmFUmFPtP8m2Ypoh5idWM6IXBygc7dJjpYi3P8ZXhCnixw-aSx4u4qTBbWojL_J3UEH2bkiH7V90iNKSeeZyrXq0AqfMMcZAAFyjFcNvgmGIn8FB115e3JZ2sEEprY4_bMCn6hIQBEDUmZ8ACA.jpg', 0, 66),
        (167, '떡국', 4000, '백종원도 인정한 그맛', 'https://i.namu.wiki/i/30cIGmFUmFPtP8m2Ypoh5idWM6IXBygc7dJjpYi3P8ZXhCnixw-aSx4u4qTBbWojL_J3UEH2bkiH7V90iNKSeeZyrXq0AqfMMcZAAFyjFcNvgmGIn8FB115e3JZ2sEEprY4_bMCn6hIQBEDUmZ8ACA.jpg', 0, 67),
        (168, '야채김밥', 2500, '백종원도 인정한 그맛', 'https://i.namu.wiki/i/30cIGmFUmFPtP8m2Ypoh5idWM6IXBygc7dJjpYi3P8ZXhCnixw-aSx4u4qTBbWojL_J3UEH2bkiH7V90iNKSeeZyrXq0AqfMMcZAAFyjFcNvgmGIn8FB115e3JZ2sEEprY4_bMCn6hIQBEDUmZ8ACA.jpg', 0, 68),
        (169, '된장찌개', 6000, '백종원도 인정한 그맛', 'https://i.namu.wiki/i/30cIGmFUmFPtP8m2Ypoh5idWM6IXBygc7dJjpYi3P8ZXhCnixw-aSx4u4qTBbWojL_J3UEH2bkiH7V90iNKSeeZyrXq0AqfMMcZAAFyjFcNvgmGIn8FB115e3JZ2sEEprY4_bMCn6hIQBEDUmZ8ACA.jpg', 0, 69),
        (170, '진국수(사골육수', 7000, '백종원도 인정한 그맛', 'https://i.namu.wiki/i/30cIGmFUmFPtP8m2Ypoh5idWM6IXBygc7dJjpYi3P8ZXhCnixw-aSx4u4qTBbWojL_J3UEH2bkiH7V90iNKSeeZyrXq0AqfMMcZAAFyjFcNvgmGIn8FB115e3JZ2sEEprY4_bMCn6hIQBEDUmZ8ACA.jpg', 0, 70),
        (171, '로스카츠', 9500, '백종원도 인정한 그맛', 'https://i.namu.wiki/i/30cIGmFUmFPtP8m2Ypoh5idWM6IXBygc7dJjpYi3P8ZXhCnixw-aSx4u4qTBbWojL_J3UEH2bkiH7V90iNKSeeZyrXq0AqfMMcZAAFyjFcNvgmGIn8FB115e3JZ2sEEprY4_bMCn6hIQBEDUmZ8ACA.jpg', 0, 71),
        (172, '키즈네 우동', 6500, '백종원도 인정한 그맛', 'https://i.namu.wiki/i/nqefwbTr99m-MwjLwZNM1HHV-5FM6Fp8m5UhT_Yoj7LYygkxvJ2a5flqTCeN9efPuuWF2P1qLthG6YC3bsR_-Mt_-KWV0FVVlrY3HjGmpyxIrSxkK0iwhWIFdOQVR7IjrO5JlsGTkZnhwZesL3jxGw.webp', 0, 72),
        (173, '카레', 7000, '백종원도 인정한 그맛', 'https://i.namu.wiki/i/30cIGmFUmFPtP8m2Ypoh5idWM6IXBygc7dJjpYi3P8ZXhCnixw-aSx4u4qTBbWojL_J3UEH2bkiH7V90iNKSeeZyrXq0AqfMMcZAAFyjFcNvgmGIn8FB115e3JZ2sEEprY4_bMCn6hIQBEDUmZ8ACA.jpg', 0, 73),
        (174, '보쌈', 10000, '백종원도 인정한 그맛', 'https://i.namu.wiki/i/pyK7dKzqwEe-1ZdGESPyVnxhxRM9vBwFdD_-ZuV2YWmRWpvxLU-EMhJZ2lXbgCn9xZtdse9nxKtmXebrb0UWlaWXbf-PDp0EFCJEp7-alWCAP_Mdq4zsPpCpWCPeJYx1PhyHb_KGizSxhlucs8uWug.webp', 0, 74),
        (175, '콩나물국밥', 6000, '백종원도 인정한 그맛', 'https://i.namu.wiki/i/G3CQ0pG84tvepCNRYlWC6k9U5-i8OeAfZ5DO928-uP8lHuh8QFZcCfULUSQbSE6PpK840-wZdZoiWG0sbQ5DuR_dTEwhpHYtdrngsPJWPiqXp9tt91JL8m_MkmsCZGRoKv9LE-_jasTHNJvHZNMFeg.webp', 0, 75),
        (176, '손칼국수', 7000, '백종원도 인정한 그맛', 'https://i.namu.wiki/i/30cIGmFUmFPtP8m2Ypoh5idWM6IXBygc7dJjpYi3P8ZXhCnixw-aSx4u4qTBbWojL_J3UEH2bkiH7V90iNKSeeZyrXq0AqfMMcZAAFyjFcNvgmGIn8FB115e3JZ2sEEprY4_bMCn6hIQBEDUmZ8ACA.jpg', 0, 76),
        (177, '묵은지삼겹살(2', 16000, '백종원도 인정한 그맛', 'https://i.namu.wiki/i/30cIGmFUmFPtP8m2Ypoh5idWM6IXBygc7dJjpYi3P8ZXhCnixw-aSx4u4qTBbWojL_J3UEH2bkiH7V90iNKSeeZyrXq0AqfMMcZAAFyjFcNvgmGIn8FB115e3JZ2sEEprY4_bMCn6hIQBEDUmZ8ACA.jpg', 0, 77),
        (178, '김치찌개', 7000, '백종원도 인정한 그맛', 'https://i.namu.wiki/i/30cIGmFUmFPtP8m2Ypoh5idWM6IXBygc7dJjpYi3P8ZXhCnixw-aSx4u4qTBbWojL_J3UEH2bkiH7V90iNKSeeZyrXq0AqfMMcZAAFyjFcNvgmGIn8FB115e3JZ2sEEprY4_bMCn6hIQBEDUmZ8ACA.jpg', 0, 78),
        (179, '비빔밥', 6500, '백종원도 인정한 그맛', 'https://i.namu.wiki/i/30cIGmFUmFPtP8m2Ypoh5idWM6IXBygc7dJjpYi3P8ZXhCnixw-aSx4u4qTBbWojL_J3UEH2bkiH7V90iNKSeeZyrXq0AqfMMcZAAFyjFcNvgmGIn8FB115e3JZ2sEEprY4_bMCn6hIQBEDUmZ8ACA.jpg', 0, 79),
        (180, '잔치국수', 6000, '백종원도 인정한 그맛', 'https://i.namu.wiki/i/30cIGmFUmFPtP8m2Ypoh5idWM6IXBygc7dJjpYi3P8ZXhCnixw-aSx4u4qTBbWojL_J3UEH2bkiH7V90iNKSeeZyrXq0AqfMMcZAAFyjFcNvgmGIn8FB115e3JZ2sEEprY4_bMCn6hIQBEDUmZ8ACA.jpg', 0, 80),
        (181, '김치찌개', 8000, '백종원도 인정한 그맛', 'https://i.namu.wiki/i/G3CQ0pG84tvepCNRYlWC6k9U5-i8OeAfZ5DO928-uP8lHuh8QFZcCfULUSQbSE6PpK840-wZdZoiWG0sbQ5DuR_dTEwhpHYtdrngsPJWPiqXp9tt91JL8m_MkmsCZGRoKv9LE-_jasTHNJvHZNMFeg.webp', 0, 81),
        (182, '자장면', 6000, '백종원도 인정한 그맛', 'https://i.namu.wiki/i/G3CQ0pG84tvepCNRYlWC6k9U5-i8OeAfZ5DO928-uP8lHuh8QFZcCfULUSQbSE6PpK840-wZdZoiWG0sbQ5DuR_dTEwhpHYtdrngsPJWPiqXp9tt91JL8m_MkmsCZGRoKv9LE-_jasTHNJvHZNMFeg.webp', 0, 82),
        (183, '짜장면', 7000, '백종원도 인정한 그맛', 'https://i.namu.wiki/i/G3CQ0pG84tvepCNRYlWC6k9U5-i8OeAfZ5DO928-uP8lHuh8QFZcCfULUSQbSE6PpK840-wZdZoiWG0sbQ5DuR_dTEwhpHYtdrngsPJWPiqXp9tt91JL8m_MkmsCZGRoKv9LE-_jasTHNJvHZNMFeg.webp', 0, 83),
        (184, '손수제비', 5000, '백종원도 인정한 그맛', 'https://i.namu.wiki/i/30cIGmFUmFPtP8m2Ypoh5idWM6IXBygc7dJjpYi3P8ZXhCnixw-aSx4u4qTBbWojL_J3UEH2bkiH7V90iNKSeeZyrXq0AqfMMcZAAFyjFcNvgmGIn8FB115e3JZ2sEEprY4_bMCn6hIQBEDUmZ8ACA.jpg', 0, 84),
        (185, '칼국수', 5000, '백종원도 인정한 그맛', 'https://i.namu.wiki/i/pyK7dKzqwEe-1ZdGESPyVnxhxRM9vBwFdD_-ZuV2YWmRWpvxLU-EMhJZ2lXbgCn9xZtdse9nxKtmXebrb0UWlaWXbf-PDp0EFCJEp7-alWCAP_Mdq4zsPpCpWCPeJYx1PhyHb_KGizSxhlucs8uWug.webp', 0, 85),
        (186, '백반', 8000, '백종원도 인정한 그맛', 'https://i.namu.wiki/i/30cIGmFUmFPtP8m2Ypoh5idWM6IXBygc7dJjpYi3P8ZXhCnixw-aSx4u4qTBbWojL_J3UEH2bkiH7V90iNKSeeZyrXq0AqfMMcZAAFyjFcNvgmGIn8FB115e3JZ2sEEprY4_bMCn6hIQBEDUmZ8ACA.jpg', 0, 86),
        (187, '부대찌개', 9000, '백종원도 인정한 그맛', 'https://i.namu.wiki/i/pyK7dKzqwEe-1ZdGESPyVnxhxRM9vBwFdD_-ZuV2YWmRWpvxLU-EMhJZ2lXbgCn9xZtdse9nxKtmXebrb0UWlaWXbf-PDp0EFCJEp7-alWCAP_Mdq4zsPpCpWCPeJYx1PhyHb_KGizSxhlucs8uWug.webp', 0, 87),
        (188, '청국장', 8000, '백종원도 인정한 그맛', 'https://i.namu.wiki/i/30cIGmFUmFPtP8m2Ypoh5idWM6IXBygc7dJjpYi3P8ZXhCnixw-aSx4u4qTBbWojL_J3UEH2bkiH7V90iNKSeeZyrXq0AqfMMcZAAFyjFcNvgmGIn8FB115e3JZ2sEEprY4_bMCn6hIQBEDUmZ8ACA.jpg', 0, 88),
        (189, '칼국수', 7000, '백종원도 인정한 그맛', 'https://i.namu.wiki/i/G3CQ0pG84tvepCNRYlWC6k9U5-i8OeAfZ5DO928-uP8lHuh8QFZcCfULUSQbSE6PpK840-wZdZoiWG0sbQ5DuR_dTEwhpHYtdrngsPJWPiqXp9tt91JL8m_MkmsCZGRoKv9LE-_jasTHNJvHZNMFeg.webp', 0, 89),
        (190, '갈비탕', 11000, '백종원도 인정한 그맛', 'https://i.namu.wiki/i/30cIGmFUmFPtP8m2Ypoh5idWM6IXBygc7dJjpYi3P8ZXhCnixw-aSx4u4qTBbWojL_J3UEH2bkiH7V90iNKSeeZyrXq0AqfMMcZAAFyjFcNvgmGIn8FB115e3JZ2sEEprY4_bMCn6hIQBEDUmZ8ACA.jpg', 0, 90),
        (191, '짜장면', 6500, '백종원도 인정한 그맛', 'https://i.namu.wiki/i/G3CQ0pG84tvepCNRYlWC6k9U5-i8OeAfZ5DO928-uP8lHuh8QFZcCfULUSQbSE6PpK840-wZdZoiWG0sbQ5DuR_dTEwhpHYtdrngsPJWPiqXp9tt91JL8m_MkmsCZGRoKv9LE-_jasTHNJvHZNMFeg.webp', 0, 91),
        (192, '돼지갈비', 16000, '백종원도 인정한 그맛', 'https://i.namu.wiki/i/G3CQ0pG84tvepCNRYlWC6k9U5-i8OeAfZ5DO928-uP8lHuh8QFZcCfULUSQbSE6PpK840-wZdZoiWG0sbQ5DuR_dTEwhpHYtdrngsPJWPiqXp9tt91JL8m_MkmsCZGRoKv9LE-_jasTHNJvHZNMFeg.webp', 0, 92),
        (193, '짜장면', 6000, '백종원도 인정한 그맛', 'https://i.namu.wiki/i/G3CQ0pG84tvepCNRYlWC6k9U5-i8OeAfZ5DO928-uP8lHuh8QFZcCfULUSQbSE6PpK840-wZdZoiWG0sbQ5DuR_dTEwhpHYtdrngsPJWPiqXp9tt91JL8m_MkmsCZGRoKv9LE-_jasTHNJvHZNMFeg.webp', 0, 93),
        (194, '녹차', 2000, '백종원도 인정한 그맛', 'https://i.namu.wiki/i/G3CQ0pG84tvepCNRYlWC6k9U5-i8OeAfZ5DO928-uP8lHuh8QFZcCfULUSQbSE6PpK840-wZdZoiWG0sbQ5DuR_dTEwhpHYtdrngsPJWPiqXp9tt91JL8m_MkmsCZGRoKv9LE-_jasTHNJvHZNMFeg.webp', 0, 94),
        (195, '된장찌개', 7000, '백종원도 인정한 그맛', 'https://i.namu.wiki/i/G3CQ0pG84tvepCNRYlWC6k9U5-i8OeAfZ5DO928-uP8lHuh8QFZcCfULUSQbSE6PpK840-wZdZoiWG0sbQ5DuR_dTEwhpHYtdrngsPJWPiqXp9tt91JL8m_MkmsCZGRoKv9LE-_jasTHNJvHZNMFeg.webp', 0, 95),
        (196, '보리밥', 7000, '백종원도 인정한 그맛', 'https://i.namu.wiki/i/30cIGmFUmFPtP8m2Ypoh5idWM6IXBygc7dJjpYi3P8ZXhCnixw-aSx4u4qTBbWojL_J3UEH2bkiH7V90iNKSeeZyrXq0AqfMMcZAAFyjFcNvgmGIn8FB115e3JZ2sEEprY4_bMCn6hIQBEDUmZ8ACA.jpg', 0, 96),
        (197, '점심백반', 6000, '백종원도 인정한 그맛', 'https://i.namu.wiki/i/30cIGmFUmFPtP8m2Ypoh5idWM6IXBygc7dJjpYi3P8ZXhCnixw-aSx4u4qTBbWojL_J3UEH2bkiH7V90iNKSeeZyrXq0AqfMMcZAAFyjFcNvgmGIn8FB115e3JZ2sEEprY4_bMCn6hIQBEDUmZ8ACA.jpg', 0, 97),
        (198, '닭곰탕', 8500, '백종원도 인정한 그맛', 'https://i.namu.wiki/i/30cIGmFUmFPtP8m2Ypoh5idWM6IXBygc7dJjpYi3P8ZXhCnixw-aSx4u4qTBbWojL_J3UEH2bkiH7V90iNKSeeZyrXq0AqfMMcZAAFyjFcNvgmGIn8FB115e3JZ2sEEprY4_bMCn6hIQBEDUmZ8ACA.jpg', 0, 98),
        (199, '닭곰탕', 9500, '백종원도 인정한 그맛', 'https://i.namu.wiki/i/30cIGmFUmFPtP8m2Ypoh5idWM6IXBygc7dJjpYi3P8ZXhCnixw-aSx4u4qTBbWojL_J3UEH2bkiH7V90iNKSeeZyrXq0AqfMMcZAAFyjFcNvgmGIn8FB115e3JZ2sEEprY4_bMCn6hIQBEDUmZ8ACA.jpg', 0, 99),
        (200, '멸치국수', 5000, '백종원도 인정한 그맛', 'https://i.namu.wiki/i/30cIGmFUmFPtP8m2Ypoh5idWM6IXBygc7dJjpYi3P8ZXhCnixw-aSx4u4qTBbWojL_J3UEH2bkiH7V90iNKSeeZyrXq0AqfMMcZAAFyjFcNvgmGIn8FB115e3JZ2sEEprY4_bMCn6hIQBEDUmZ8ACA.jpg', 0, 100),
        (201, '김치찌개', 8000, '백종원도 인정한 그맛', 'https://i.namu.wiki/i/30cIGmFUmFPtP8m2Ypoh5idWM6IXBygc7dJjpYi3P8ZXhCnixw-aSx4u4qTBbWojL_J3UEH2bkiH7V90iNKSeeZyrXq0AqfMMcZAAFyjFcNvgmGIn8FB115e3JZ2sEEprY4_bMCn6hIQBEDUmZ8ACA.jpg', 0, 101),
        (202, '닭곰탕', 10000, '백종원도 인정한 그맛', 'https://i.namu.wiki/i/G3CQ0pG84tvepCNRYlWC6k9U5-i8OeAfZ5DO928-uP8lHuh8QFZcCfULUSQbSE6PpK840-wZdZoiWG0sbQ5DuR_dTEwhpHYtdrngsPJWPiqXp9tt91JL8m_MkmsCZGRoKv9LE-_jasTHNJvHZNMFeg.webp', 0, 102),
        (203, '반계탕', 9000, '백종원도 인정한 그맛', 'https://i.namu.wiki/i/30cIGmFUmFPtP8m2Ypoh5idWM6IXBygc7dJjpYi3P8ZXhCnixw-aSx4u4qTBbWojL_J3UEH2bkiH7V90iNKSeeZyrXq0AqfMMcZAAFyjFcNvgmGIn8FB115e3JZ2sEEprY4_bMCn6hIQBEDUmZ8ACA.jpg', 0, 103),
        (204, '칼국수', 8500, '백종원도 인정한 그맛', 'https://i.namu.wiki/i/30cIGmFUmFPtP8m2Ypoh5idWM6IXBygc7dJjpYi3P8ZXhCnixw-aSx4u4qTBbWojL_J3UEH2bkiH7V90iNKSeeZyrXq0AqfMMcZAAFyjFcNvgmGIn8FB115e3JZ2sEEprY4_bMCn6hIQBEDUmZ8ACA.jpg', 0, 104),
        (205, '칼국수', 7000, '백종원도 인정한 그맛', 'https://i.namu.wiki/i/G3CQ0pG84tvepCNRYlWC6k9U5-i8OeAfZ5DO928-uP8lHuh8QFZcCfULUSQbSE6PpK840-wZdZoiWG0sbQ5DuR_dTEwhpHYtdrngsPJWPiqXp9tt91JL8m_MkmsCZGRoKv9LE-_jasTHNJvHZNMFeg.webp', 0, 105),
        (206, '짜장면', 6500, '백종원도 인정한 그맛', 'https://i.namu.wiki/i/G3CQ0pG84tvepCNRYlWC6k9U5-i8OeAfZ5DO928-uP8lHuh8QFZcCfULUSQbSE6PpK840-wZdZoiWG0sbQ5DuR_dTEwhpHYtdrngsPJWPiqXp9tt91JL8m_MkmsCZGRoKv9LE-_jasTHNJvHZNMFeg.webp', 0, 106),
        (207, '한우 등심구이(', 45000, '백종원도 인정한 그맛', 'https://i.namu.wiki/i/30cIGmFUmFPtP8m2Ypoh5idWM6IXBygc7dJjpYi3P8ZXhCnixw-aSx4u4qTBbWojL_J3UEH2bkiH7V90iNKSeeZyrXq0AqfMMcZAAFyjFcNvgmGIn8FB115e3JZ2sEEprY4_bMCn6hIQBEDUmZ8ACA.jpg', 0, 107),
        (208, '김치볶음밥', 8000, '백종원도 인정한 그맛', 'https://i.namu.wiki/i/30cIGmFUmFPtP8m2Ypoh5idWM6IXBygc7dJjpYi3P8ZXhCnixw-aSx4u4qTBbWojL_J3UEH2bkiH7V90iNKSeeZyrXq0AqfMMcZAAFyjFcNvgmGIn8FB115e3JZ2sEEprY4_bMCn6hIQBEDUmZ8ACA.jpg', 0, 108),
        (209, '부대찌개', 8000, '백종원도 인정한 그맛', 'https://i.namu.wiki/i/30cIGmFUmFPtP8m2Ypoh5idWM6IXBygc7dJjpYi3P8ZXhCnixw-aSx4u4qTBbWojL_J3UEH2bkiH7V90iNKSeeZyrXq0AqfMMcZAAFyjFcNvgmGIn8FB115e3JZ2sEEprY4_bMCn6hIQBEDUmZ8ACA.jpg', 0, 109),
        (210, '삼겹살(180g', 13000, '백종원도 인정한 그맛', 'https://i.namu.wiki/i/30cIGmFUmFPtP8m2Ypoh5idWM6IXBygc7dJjpYi3P8ZXhCnixw-aSx4u4qTBbWojL_J3UEH2bkiH7V90iNKSeeZyrXq0AqfMMcZAAFyjFcNvgmGIn8FB115e3JZ2sEEprY4_bMCn6hIQBEDUmZ8ACA.jpg', 0, 110),
        (211, '청국장', 9000, '백종원도 인정한 그맛', 'https://i.namu.wiki/i/30cIGmFUmFPtP8m2Ypoh5idWM6IXBygc7dJjpYi3P8ZXhCnixw-aSx4u4qTBbWojL_J3UEH2bkiH7V90iNKSeeZyrXq0AqfMMcZAAFyjFcNvgmGIn8FB115e3JZ2sEEprY4_bMCn6hIQBEDUmZ8ACA.jpg', 0, 111),
        (212, '부대찌개', 9000, '백종원도 인정한 그맛', 'https://i.namu.wiki/i/30cIGmFUmFPtP8m2Ypoh5idWM6IXBygc7dJjpYi3P8ZXhCnixw-aSx4u4qTBbWojL_J3UEH2bkiH7V90iNKSeeZyrXq0AqfMMcZAAFyjFcNvgmGIn8FB115e3JZ2sEEprY4_bMCn6hIQBEDUmZ8ACA.jpg', 0, 112),
        (213, '짜장면', 6500, '백종원도 인정한 그맛', 'https://i.namu.wiki/i/30cIGmFUmFPtP8m2Ypoh5idWM6IXBygc7dJjpYi3P8ZXhCnixw-aSx4u4qTBbWojL_J3UEH2bkiH7V90iNKSeeZyrXq0AqfMMcZAAFyjFcNvgmGIn8FB115e3JZ2sEEprY4_bMCn6hIQBEDUmZ8ACA.jpg', 0, 113),
        (214, '충정로김밥', 2500, '백종원도 인정한 그맛', 'https://i.namu.wiki/i/30cIGmFUmFPtP8m2Ypoh5idWM6IXBygc7dJjpYi3P8ZXhCnixw-aSx4u4qTBbWojL_J3UEH2bkiH7V90iNKSeeZyrXq0AqfMMcZAAFyjFcNvgmGIn8FB115e3JZ2sEEprY4_bMCn6hIQBEDUmZ8ACA.jpg', 0, 114),
        (215, '제육볶음', 9000, '백종원도 인정한 그맛', 'https://i.namu.wiki/i/30cIGmFUmFPtP8m2Ypoh5idWM6IXBygc7dJjpYi3P8ZXhCnixw-aSx4u4qTBbWojL_J3UEH2bkiH7V90iNKSeeZyrXq0AqfMMcZAAFyjFcNvgmGIn8FB115e3JZ2sEEprY4_bMCn6hIQBEDUmZ8ACA.jpg', 0, 115),
        (216, '칼국수', 7000, '백종원도 인정한 그맛', 'https://i.namu.wiki/i/30cIGmFUmFPtP8m2Ypoh5idWM6IXBygc7dJjpYi3P8ZXhCnixw-aSx4u4qTBbWojL_J3UEH2bkiH7V90iNKSeeZyrXq0AqfMMcZAAFyjFcNvgmGIn8FB115e3JZ2sEEprY4_bMCn6hIQBEDUmZ8ACA.jpg', 0, 116),
        (217, '쫄면', 8000, '백종원도 인정한 그맛', 'https://i.namu.wiki/i/30cIGmFUmFPtP8m2Ypoh5idWM6IXBygc7dJjpYi3P8ZXhCnixw-aSx4u4qTBbWojL_J3UEH2bkiH7V90iNKSeeZyrXq0AqfMMcZAAFyjFcNvgmGIn8FB115e3JZ2sEEprY4_bMCn6hIQBEDUmZ8ACA.jpg', 0, 117),
        (218, '된장찌개', 7000, '백종원도 인정한 그맛', 'https://i.namu.wiki/i/30cIGmFUmFPtP8m2Ypoh5idWM6IXBygc7dJjpYi3P8ZXhCnixw-aSx4u4qTBbWojL_J3UEH2bkiH7V90iNKSeeZyrXq0AqfMMcZAAFyjFcNvgmGIn8FB115e3JZ2sEEprY4_bMCn6hIQBEDUmZ8ACA.jpg', 0, 118),
        (219, '가정식백반', 7000, '백종원도 인정한 그맛', 'https://i.namu.wiki/i/30cIGmFUmFPtP8m2Ypoh5idWM6IXBygc7dJjpYi3P8ZXhCnixw-aSx4u4qTBbWojL_J3UEH2bkiH7V90iNKSeeZyrXq0AqfMMcZAAFyjFcNvgmGIn8FB115e3JZ2sEEprY4_bMCn6hIQBEDUmZ8ACA.jpg', 0, 119),
        (220, '삼겹살', 15000, '백종원도 인정한 그맛', 'https://i.namu.wiki/i/30cIGmFUmFPtP8m2Ypoh5idWM6IXBygc7dJjpYi3P8ZXhCnixw-aSx4u4qTBbWojL_J3UEH2bkiH7V90iNKSeeZyrXq0AqfMMcZAAFyjFcNvgmGIn8FB115e3JZ2sEEprY4_bMCn6hIQBEDUmZ8ACA.jpg', 0, 120);

insert into zikbap.categories (category_id, name)
values  (1, '한식'),
        (2, '중식'),
        (3, '일식'),
        (4, '양식');